Date,mes,building,contents,profits,total,Anio,frecuencia
03/01/1980,1,1.09809663,0.5856515,0,1.683748,1980,166
04/01/1980,1,1.75695461,0.3367496,0,2.093704,1980,170
05/01/1980,1,1.73258126,0,0,1.732581,1980,181
07/01/1980,1,0,1.305376,0.47437775,1.779754,1980,160
07/01/1980,1,1.24450952,3.367496,0,4.612006,1980,156
10/01/1980,1,4.45203953,4.273234,0,8.725274,1980,207
10/01/1980,1,2.49487555,3.543192,1.86090776,7.898975,1980,238
16/01/1980,1,0.7756896,0.9931171,0.43923865,2.208045,1980,
16/01/1980,1,0.81259151,0.6734993,0,1.486091,1980,
19/01/1980,1,2.37157394,0.1683748,0.25622255,2.796171,1980,
21/01/1980,1,0,7.320644,0,7.320644,1980,
21/01/1980,1,3.36749634,0,0,3.367496,1980,
24/01/1980,1,1.46412884,0,0,1.464129,1980,
25/01/1980,1,1.72222255,0,0,1.722223,1980,
26/01/1980,1,6.91800878,4.456808,0,11.374817,1980,
26/01/1980,1,1.602306,0.8804334,0,2.482739,1980,
28/01/1980,1,18.30161054,7.913031,0,26.214641,1980,
03/02/1980,2,1.54562225,0.4568082,0,2.00243,1980,
05/02/1980,2,4.39238653,0.1376281,0,4.530015,1980,
07/02/1980,2,1.12098829,0.7207643,0,1.841753,1980,
10/02/1980,2,3.80673499,0,0,3.806735,1980,
13/02/1980,2,10.2489019,3.873174,0,14.122076,1980,
16/02/1980,2,3.08164714,2.342606,0,5.424253,1980,
19/02/1980,2,2.92825769,8.784773,0,11.713031,1980,
20/02/1980,2,0.95900439,0.556369,0,1.515373,1980,
21/02/1980,2,2.53858858,0,0,2.538589,1980,
22/02/1980,2,1.75695461,0.2928258,0,2.04978,1980,
23/02/1980,2,3.80673499,8.658858,0,12.465593,1980,
25/02/1980,2,1.7354451,0,0,1.735445,1980,
27/02/1980,2,0.5124451,1.171303,0,1.683748,1980,
07/03/1980,3,0.66774963,2.436483,0.21961933,3.323852,1980,
13/03/1980,3,1.67461201,0.07320644,0.07320644,1.821025,1980,
13/03/1980,3,0.07320644,2.342606,0,2.415813,1980,
13/03/1980,3,0,1.464129,0,1.464129,1980,
17/03/1980,3,4.39238653,0.8978638,0.58565154,5.875902,1980,
20/03/1980,3,1.79243924,0,0,1.792439,1980,
21/03/1980,3,3.33821376,0,0,3.338214,1980,
22/03/1980,3,1.58448755,0,0,1.584488,1980,
26/03/1980,3,0.62265593,1.308665,0,1.931321,1980,
06/04/1980,4,2.04978038,0,0,2.04978,1980,
10/04/1980,4,1.57375842,0,0,1.573758,1980,
11/04/1980,4,1.75695461,0,0,1.756955,1980,
14/04/1980,4,4.93118594,0,0,4.931186,1980,
15/04/1980,4,5.41727672,0,0,5.417277,1980,
16/04/1980,4,0.73206442,0.8052709,0,1.537335,1980,
25/04/1980,4,17.56954612,0,0,17.569546,1980,
25/04/1980,4,1.69112299,0,0,1.691123,1980,
26/04/1980,4,1.58161201,0,0,1.581612,1980,
01/05/1980,5,0.36901903,1.098097,0,1.467116,1980,
01/05/1980,5,1.02489019,1.02489,0,2.04978,1980,
02/05/1980,5,1.08898975,0.8397218,0,1.928712,1980,
02/05/1980,5,2.12430307,1.138851,0,3.263154,1980,
04/05/1980,5,0.89897511,0.8052709,0,1.704246,1980,
07/05/1980,5,2.07460761,0,0,2.074608,1980,
09/05/1980,5,1.09809663,2.196193,0,3.29429,1980,
10/05/1980,5,1.83997511,0,0,1.839975,1980,
16/05/1980,5,7.32064422,0,0,7.320644,1980,
18/05/1980,5,5.85651537,1.464129,0,7.320644,1980,
20/05/1980,5,1.57621523,0,0,1.576215,1980,
20/05/1980,5,4.8560981,0,0,4.856098,1980,
21/05/1980,5,1.54227526,0,0,1.542275,1980,
26/05/1980,5,9.3250366,4.295754,0,13.620791,1980,
29/05/1980,5,0.73206442,1.02489,0,1.756955,1980,
29/05/1980,5,1.6398243,0,0,1.639824,1980,
02/06/1980,6,2.03637775,0,0,2.036378,1980,
03/06/1980,6,7.32064422,14.64129,0,21.961933,1980,
11/06/1980,6,1.79902635,0,0,1.799026,1980,
12/06/1980,6,2.30600293,0.1464129,0,2.452416,1980,
15/06/1980,6,1.24450952,1.424597,0,2.669107,1980,
15/06/1980,6,2.02414641,0,0,2.024146,1980,
16/06/1980,6,0.61200586,1.112738,0,1.724744,1980,
17/06/1980,6,1.64386384,0,0,1.643864,1980,
21/06/1980,6,1.17130307,0.7906296,0,1.961933,1980,
30/06/1980,6,3.80673499,0.8199122,0,4.626647,1980,
02/07/1980,7,1.46412884,0,0,1.464129,1980,
04/07/1980,7,0.94670571,2.060029,0.95651537,3.96325,1980,
04/07/1980,7,1.1132123,4.45064,0,5.563852,1980,
07/07/1980,7,0,4.392387,0,4.392387,1980,
10/07/1980,7,3.64031332,0,0,3.640313,1980,
12/07/1980,7,1.29575403,0.3821376,0,1.677892,1980,
14/07/1980,7,1.15666179,0.2928258,0,1.449488,1980,
15/07/1980,7,95.16837482,106.1493,61.93265007,263.250366,1980,
25/07/1980,7,0,2.500732,0,2.500732,1980,
26/07/1980,7,1.58272328,0.05270864,0.19033675,1.825769,1980,
26/07/1980,7,9.88286969,0,0,9.88287,1980,
28/07/1980,7,1.04852123,1.098097,0,2.146618,1980,
29/07/1980,7,0,2.870259,0,2.870259,1980,
07/08/1980,8,4.27804246,1.157665,0.88420644,6.319914,1980,
08/08/1980,8,2.1234612,0,0,2.123461,1980,
08/08/1980,8,2.48901903,0.4348463,0,2.923865,1980,
11/08/1980,8,1.03672767,0.867877,0.1317716,2.036376,1980,
18/08/1980,8,0.05270864,1.683748,0,1.736457,1980,
18/08/1980,8,2.04978038,0,0,2.04978,1980,
20/08/1980,8,1.9033675,0,0,1.903367,1980,
21/08/1980,8,1.61054173,0,0,1.610542,1980,
23/08/1980,8,1.46412884,0.2532943,0,1.717423,1980,
23/08/1980,8,0,2.375512,0.75392533,3.129438,1980,
27/08/1980,8,1.45166471,0.6002928,0,2.051958,1980,
28/08/1980,8,1.9675183,0,0,1.967518,1980,
28/08/1980,8,0.5124451,1.590044,0,2.102489,1980,
28/08/1980,8,0,2.380673,0.87847731,3.259151,1980,
30/08/1980,8,1.99853587,0,0,1.998536,1980,
30/08/1980,8,0.14641288,5.270864,0,5.417277,1980,
02/09/1980,9,2.81983602,0,0,2.819836,1980,
04/09/1980,9,3.27298536,0,0.4240981,3.697083,1980,
05/09/1980,9,1.75695461,0.2884334,0,2.045388,1980,
05/09/1980,9,2.67935578,0,0,2.679356,1980,
08/09/1980,9,0.55595461,2.064999,0.80527086,3.426224,1980,
11/09/1980,9,1.31771596,0.2708638,0,1.58858,1980,
12/09/1980,9,1.33461347,2.928258,0,4.262871,1980,
12/09/1980,9,1.24341435,0.5124451,0,1.755859,1980,
14/09/1980,9,1.98700586,0,0,1.987006,1980,
15/09/1980,9,1.66192533,0,0,1.661925,1980,
15/09/1980,9,5.41727672,2.196193,0,7.61347,1980,
15/09/1980,9,1.79487848,0,0,1.794878,1980,
15/09/1980,9,5.02767204,1.464129,0.18301611,6.674817,1980,
25/09/1980,9,0.23426061,1.893119,0.05856515,2.185944,1980,
28/09/1980,9,0,3.855051,0,3.855051,1980,
30/09/1980,9,0.43923865,2.342606,0.43923865,3.221083,1980,
01/10/1980,10,0.65885798,1.171303,0.29282577,2.122987,1980,
01/10/1980,10,0,1.467466,0.29282577,1.760291,1980,
06/10/1980,10,1.57313177,0.3953148,0.07320644,2.041653,1980,
07/10/1980,10,3.75593851,0,0,3.755939,1980,
07/10/1980,10,1.75695461,0.4851567,0,2.242111,1980,
08/10/1980,10,1.32579795,0.3953148,0,1.721113,1980,
09/10/1980,10,1.46412884,0,0,1.464129,1980,
12/10/1980,10,2.51569839,2.196193,0,4.711892,1980,
14/10/1980,10,2.1538243,0,0,2.153824,1980,
16/10/1980,10,0.87847731,1.512748,1.48358712,3.874813,1980,
17/10/1980,10,11.31039531,7.759883,0,19.070278,1980,
20/10/1980,10,1.75695461,0.1171303,0.01317716,1.887262,1980,
23/10/1980,10,0.5124451,0.9516837,0,1.464129,1980,
24/10/1980,10,1.53616398,0,0,1.536164,1980,
25/10/1980,10,2.56006589,0,0,2.560066,1980,
27/10/1980,10,1.31771596,1.481991,0,2.799707,1980,
29/10/1980,10,1.68374817,0.329429,0,2.013177,1980,
30/10/1980,10,1.3909224,0.07320644,0,1.464129,1980,
05/11/1980,11,3.66032211,2.664714,0,6.325037,1980,
07/11/1980,11,1.56730015,0,0,1.5673,1980,
09/11/1980,11,0,2.196193,0,2.196193,1980,
10/11/1980,11,1.61054173,0.7247438,0,2.335286,1980,
13/11/1980,11,1.53001464,0.5856515,0,2.115666,1980,
14/11/1980,11,0.75219766,0.717347,0,1.469545,1980,
18/11/1980,11,2.19619327,3.206442,0,5.402635,1980,
18/11/1980,11,5.3147877,0,0,5.314788,1980,
19/11/1980,11,1.31771596,1.554905,0,2.872621,1980,
20/11/1980,11,0,2.781845,0,2.781845,1980,
25/11/1980,11,2.57682138,0,0,2.576821,1980,
06/12/1980,12,3.10102489,0,0,3.101025,1980,
07/12/1980,12,0,1.464129,0,1.464129,1980,
08/12/1980,12,1.46412884,0.5856515,0,2.04978,1980,
09/12/1980,12,1.24450952,0.7174231,0,1.961933,1980,
09/12/1980,12,0,1.464129,0,1.464129,1980,
09/12/1980,12,2.04978038,0.5856515,0,2.635432,1980,
10/12/1980,12,0,1.464129,0,1.464129,1980,
10/12/1980,12,3.66032211,2.196193,0,5.856515,1980,
12/12/1980,12,2.66899122,0.4848873,0.14041142,3.29429,1980,
14/12/1980,12,1.26024158,1.260615,0,2.520857,1980,
17/12/1980,12,7.32064422,12.15227,0,19.472914,1980,
17/12/1980,12,1.31771596,0.5177467,0,1.835463,1980,
19/12/1980,12,2.04978038,0,0,2.04978,1980,
23/12/1980,12,2.78330893,0,0,2.783309,1980,
25/12/1980,12,1.75695461,1.02489,0,2.781845,1980,
26/12/1980,12,1.75695461,0,0,1.756955,1980,
27/12/1980,12,2.48901903,0.3513909,0,2.84041,1980,
31/12/1980,12,1.46412884,0.8667643,0,2.330893,1980,
01/01/1981,1,1.28440367,0.3407602,0.1310616,1.756225,1981,
01/01/1981,1,1.04849279,0.266055,0,1.314548,1981,
01/01/1981,1,0.5953211,1.80865,0,2.403971,1981,
03/01/1981,1,3.14547837,3.770152,0,6.91563,1981,
07/01/1981,1,1.4918768,0,0,1.491877,1981,
17/01/1981,1,1.53239581,0,0,1.532396,1981,
23/01/1981,1,1.87386107,0,0,1.873861,1981,
26/01/1981,1,1.44167759,0.3735256,0,1.815203,1981,
31/01/1981,1,5.89777195,2.359109,0,8.256881,1981,
02/02/1981,2,1.41020446,0,0,1.410204,1981,
07/02/1981,2,1.28919397,0.9174312,0,2.206625,1981,
10/02/1981,2,4.91480996,29.22674,0,34.141547,1981,
10/02/1981,2,2.44331062,0,0,2.443311,1981,
13/02/1981,2,3.59436959,0,0,3.59437,1981,
13/02/1981,2,1.96592398,0.406291,0,2.372215,1981,
15/02/1981,2,0.5242464,3.145478,0,3.669725,1981,
17/02/1981,2,0.99068152,5.242464,0.655308,6.888453,1981,
19/02/1981,2,1.80209699,0,0,1.802097,1981,
19/02/1981,2,1.44167759,0,0,1.441678,1981,
23/02/1981,2,2.68676278,5.570118,0.91743119,9.174312,1981,
27/02/1981,2,1.70380079,0.3931848,0,2.096986,1981,
01/03/1981,3,0.3931848,1.376147,1.04521625,2.814548,1981,
01/03/1981,3,1.32317693,0.3617261,0,1.684903,1981,
04/03/1981,3,1.44167759,0.4941022,0.163827,2.099607,1981,
09/03/1981,3,2.62123198,0,0,2.621232,1981,
10/03/1981,3,1.31061599,0.0655308,0,1.376147,1981,
12/03/1981,3,0.65530799,0.9239843,0.08519004,1.664482,1981,
13/03/1981,3,1.96592398,0.3931848,0,2.359109,1981,
16/03/1981,3,4.13648755,0,0,4.136488,1981,
19/03/1981,3,1.39439581,0,0,1.394396,1981,
23/03/1981,3,1.31061599,0.491481,0,1.802097,1981,
24/03/1981,3,1.33682831,0.4823067,0,1.819135,1981,
24/03/1981,3,0.33420708,0.9764089,0.20314548,1.513761,1981,
27/03/1981,3,3.01965924,0.06111402,0,3.080773,1981,
01/04/1981,4,7.20838794,13.76147,0,20.969856,1981,
10/04/1981,4,1.57273919,2.621232,0,4.193971,1981,
13/04/1981,4,1.17955439,0.6820891,0,1.861644,1981,
18/04/1981,4,1.96592398,0.5307995,0,2.496723,1981,
20/04/1981,4,0,1.477193,0.73658847,2.213781,1981,
20/04/1981,4,2.62123198,2.621232,0,5.242464,1981,
22/04/1981,4,1.32225426,0,0,1.322254,1981,
23/04/1981,4,2.09698558,6.159895,0.2948886,8.551769,1981,
24/04/1981,4,1.96592398,0,0,1.965924,1981,
25/04/1981,4,2.62123198,10.27392,0,12.895151,1981,
26/04/1981,4,1.39580603,0.3931848,0,1.788991,1981,
26/04/1981,4,1.89936959,0.2774574,0,2.176827,1981,
27/04/1981,4,8.01484928,0.7627785,0,8.777628,1981,
27/04/1981,4,1.38269987,0.4325033,0,1.815203,1981,
29/04/1981,4,1.68314024,0,0,1.68314,1981,
29/04/1981,4,1.31061599,2.332896,0,3.643512,1981,
02/05/1981,5,0.52555701,1.087811,0,1.613368,1981,
03/05/1981,5,0.94364351,0.5242464,0,1.46789,1981,
05/05/1981,5,1.40560419,0,0,1.405604,1981,
06/05/1981,5,1.54806422,1.572739,0,3.120803,1981,
11/05/1981,5,1.59818087,0,0,1.598181,1981,
13/05/1981,5,1.57273919,2.228047,0,3.800786,1981,
14/05/1981,5,1.51008912,0,0,1.510089,1981,
16/05/1981,5,1.17955439,0.3931848,0,1.572739,1981,
16/05/1981,5,1.69899083,0.1310616,0,1.830052,1981,
21/05/1981,5,2.62123198,0,0,2.621232,1981,
21/05/1981,5,2.33072739,0.4757536,0,2.806481,1981,
23/05/1981,5,0.78636959,0.5714286,0,1.357798,1981,
24/05/1981,5,0.98951507,0.6290957,0,1.618611,1981,
25/05/1981,5,0.65530799,1.310616,0,1.965924,1981,
28/05/1981,5,2.76015727,0.2621232,0,3.02228,1981,
29/05/1981,5,2.62123198,53.60419,0,56.225426,1981,
31/05/1981,5,4.58715596,0.3931848,0,4.980341,1981,
02/06/1981,6,1.98716252,0,0,1.987163,1981,
14/06/1981,6,1.96592398,0,0,1.965924,1981,
16/06/1981,6,2.71129227,0,0,2.711292,1981,
17/06/1981,6,1.70380079,0.1965924,0,1.900393,1981,
18/06/1981,6,1.39580603,0.327654,0,1.72346,1981,
18/06/1981,6,1.57273919,0,0,1.572739,1981,
19/06/1981,6,1.37614679,0.327654,0,1.703801,1981,
19/06/1981,6,2.32634338,0.6933159,0,3.019659,1981,
21/06/1981,6,1.83486239,0,0,1.834862,1981,
24/06/1981,6,0.69724771,0.7221494,0,1.419397,1981,
29/06/1981,6,3.93184797,0.4587156,0,4.390564,1981,
30/06/1981,6,5.24246396,2.621232,0,7.863696,1981,
01/07/1981,7,0.5242464,1.048493,0,1.572739,1981,
01/07/1981,7,1.33661337,0,0,1.336613,1981,
05/07/1981,7,1.70380079,0,0,1.703801,1981,
07/07/1981,7,1.96592398,0.6696986,0,2.635623,1981,
10/07/1981,7,1.43564875,0.4290695,0,1.864718,1981,
11/07/1981,7,1.44167759,0.01607733,0,1.457755,1981,
11/07/1981,7,5.89777195,1.415465,0.24508519,7.558322,1981,
12/07/1981,7,1.68281782,0.0927405,0.25583879,2.031397,1981,
20/07/1981,7,0.98296199,0.3669725,0,1.349934,1981,
26/07/1981,7,1.12505898,0.3414155,0.00838794,1.474862,1981,
28/07/1981,7,3.40760157,1.310616,0.3931848,5.111402,1981,
30/07/1981,7,5.24246396,0,0,5.242464,1981,
31/07/1981,7,1.31061599,0.1310616,0,1.441678,1981,
04/08/1981,8,3.93613893,0,0,3.936139,1981,
05/08/1981,8,4.06290957,0,0,4.06291,1981,
11/08/1981,8,0.98296199,0.3931848,0,1.376147,1981,
19/08/1981,8,1.59895151,0.08519004,0,1.684142,1981,
19/08/1981,8,1.18947837,0.1787693,0.07237222,1.44062,1981,
25/08/1981,8,1.36454915,0,0,1.364549,1981,
25/08/1981,8,0,1.572739,0,1.572739,1981,
27/08/1981,8,2.18542202,0,0,2.185422,1981,
27/08/1981,8,3.281346,0,0,3.281346,1981,
27/08/1981,8,1.36310092,0,0,1.363101,1981,
28/08/1981,8,1.70380079,0.2228047,0.1965924,2.123198,1981,
28/08/1981,8,2.09698558,0.5373526,0,2.634338,1981,
28/08/1981,8,1.83486239,0.2634338,0,2.098296,1981,
29/08/1981,8,1.63826999,1.402898,0.3931848,3.434353,1981,
01/09/1981,9,1.31276278,0.1660328,0,1.478796,1981,
02/09/1981,9,1.31061599,1.310616,0,2.621232,1981,
03/09/1981,9,2.75229358,0.249017,0,3.001311,1981,
04/09/1981,9,1.42973394,0,0,1.429734,1981,
06/09/1981,9,8.12581913,2.096986,0,10.222805,1981,
09/09/1981,9,1.39549803,1.183898,0,2.579396,1981,
09/09/1981,9,1.75535911,0,0,1.755359,1981,
10/09/1981,9,1.47340498,0,0,1.473405,1981,
11/09/1981,9,1.17955439,0.7732634,0,1.952818,1981,
14/09/1981,9,1.77986894,0,0,1.779869,1981,
15/09/1981,9,1.98686239,0,0,1.986862,1981,
16/09/1981,9,1.53997379,0.3997379,0,1.939712,1981,
17/09/1981,9,1.67590039,0,0,1.6759,1981,
17/09/1981,9,0,1.572739,0,1.572739,1981,
19/09/1981,9,1.83486239,0.03473132,0.655308,2.524902,1981,
19/09/1981,9,14.02359109,0,0.655308,14.678899,1981,
20/09/1981,9,2.0904325,0.7470511,0.1965924,3.034076,1981,
21/09/1981,9,1.04849279,0.9305374,0,1.97903,1981,
22/09/1981,9,4.62714286,1.310616,0,5.937759,1981,
26/09/1981,9,0.3931848,1.048493,0,1.441678,1981,
29/09/1981,9,0,2.621232,0,2.621232,1981,
01/10/1981,10,1.70380079,0.3342071,0,2.038008,1981,
03/10/1981,10,0.47837484,2.49017,0.78636959,3.754915,1981,
07/10/1981,10,1.96592398,0.4718218,0,2.437746,1981,
07/10/1981,10,1.70203145,0,0,1.702031,1981,
11/10/1981,10,5.48341153,1.626459,0,7.10987,1981,
15/10/1981,10,2.01965924,0,0,2.019659,1981,
17/10/1981,10,1.85049017,0,0,1.85049,1981,
18/10/1981,10,1.21887287,0.1970773,0,1.41595,1981,
22/10/1981,10,2.24115334,3.800786,1.65137615,7.693316,1981,
25/10/1981,10,1.44167759,1.572739,0,3.014417,1981,
27/10/1981,10,1.37614679,0.3931848,0.5897772,2.359109,1981,
28/10/1981,10,1.00253866,0.5897772,0,1.592316,1981,
01/11/1981,11,1.03538663,0.3538663,0,1.389253,1981,
01/11/1981,11,1.33296855,0,0,1.332969,1981,
03/11/1981,11,1.17955439,0.2437746,0,1.423329,1981,
03/11/1981,11,0.99198952,1.330274,0.655308,2.977571,1981,
05/11/1981,11,1.38735518,0,0,1.387355,1981,
05/11/1981,11,0.8768021,0.5281782,0,1.40498,1981,
08/11/1981,11,1.96592398,0.655308,0,2.621232,1981,
13/11/1981,11,2.44429882,1.179554,0.655308,4.279161,1981,
15/11/1981,11,1.57273919,0.0327654,0,1.605505,1981,
16/11/1981,11,1.70380079,0.3079948,0,2.011796,1981,
17/11/1981,11,1.31061599,0.9567497,0,2.267366,1981,
17/11/1981,11,1.46465007,0,0,1.46465,1981,
19/11/1981,11,1.27707995,2.096986,0,3.374066,1981,
22/11/1981,11,0.35187418,1.138925,0,1.490799,1981,
24/11/1981,11,1.57273919,0.5242464,0,2.096986,1981,
25/11/1981,11,1.09979685,0.4703696,0,1.570166,1981,
25/11/1981,11,1.04849279,0.327654,0,1.376147,1981,
01/12/1981,12,2.62123198,0.5242464,0,3.145478,1981,
07/12/1981,12,8.45373526,0,0,8.453735,1981,
10/12/1981,12,0.80523591,2.228047,0,3.033283,1981,
13/12/1981,12,0.0982962,1.965924,0,2.06422,1981,
14/12/1981,12,5.24246396,1.179554,0,6.422018,1981,
14/12/1981,12,1.89878768,0,0,1.898788,1981,
18/12/1981,12,1.31061599,0.1795544,0,1.49017,1981,
21/12/1981,12,2.88335518,47.18218,0,50.065531,1981,
21/12/1981,12,1.44167759,0.1179554,0,1.559633,1981,
22/12/1981,12,0,1.965924,0,1.965924,1981,
28/12/1981,12,1.80005242,0,0,1.800052,1981,
29/12/1981,12,2.09698558,0.327654,0,2.42464,1981,
29/12/1981,12,0,1.310616,0,1.310616,1981,
31/12/1981,12,1.31061599,0.3014417,0,1.612058,1981,
06/01/1982,1,2.08085612,2.140309,0,4.221165,1982,
08/01/1982,1,0.78478002,0.4756243,0,1.260404,1982,
08/01/1982,1,1.11802616,0.2856671,0,1.403693,1982,
09/01/1982,1,1.07015458,0.2271106,0,1.297265,1982,
13/01/1982,1,1.66698098,0.2605113,0,1.927492,1982,
13/01/1982,1,1.42687277,0.488585,0,1.915458,1982,
14/01/1982,1,1.20745184,0,0,1.207452,1982,
17/01/1982,1,0,5.698583,0,5.698583,1982,
21/01/1982,1,1.72413793,0.1783591,0,1.902497,1982,
22/01/1982,1,0.71343639,0.475698,0,1.189134,1982,
22/01/1982,1,1.73569322,8.442331,0,10.178024,1982,
22/01/1982,1,0,0.3602449,1.24183472,1.60208,1982,
24/01/1982,1,0,4.161712,0,4.161712,1982,
28/01/1982,1,2.36304994,0,0,2.36305,1982,
29/01/1982,1,1.90740428,0.05763971,0,1.965044,1982,
01/02/1982,2,1.62689298,0.3190892,0,1.945982,1982,
01/02/1982,2,2.85374554,0,0,2.853746,1982,
03/02/1982,2,0.921522,0.280918,0,1.20244,1982,
04/02/1982,2,3.92390012,6.896552,0,10.820452,1982,
04/02/1982,2,1.58876338,0,0,1.588763,1982,
04/02/1982,2,1.65045184,0.4458977,0,2.09635,1982,
05/02/1982,2,4.75624257,0,0.71343639,5.469679,1982,
07/02/1982,2,1.10225922,0.7907253,0,1.892985,1982,
08/02/1982,2,1.4863258,0.5469679,0,2.033294,1982,
09/02/1982,2,0.65398335,0.9512485,0,1.605232,1982,
16/02/1982,2,1.20689655,0.196195,0,1.403092,1982,
22/02/1982,2,0.9274673,0.2675386,0,1.195006,1982,
25/02/1982,2,2.85374554,0.39239,0,3.246136,1982,
27/02/1982,2,1.26312247,0,0,1.263122,1982,
27/02/1982,2,0.59453032,2.378121,0,2.972652,1982,
28/02/1982,2,1.1038799,0.1010702,0,1.20495,1982,
28/02/1982,2,1.88127348,0,0,1.881273,1982,
28/02/1982,2,1.18906064,0.5945303,0,1.783591,1982,
07/03/1982,3,1.78359096,2.140309,0,3.9239,1982,
07/03/1982,3,1.90249703,0,0,1.902497,1982,
10/03/1982,3,1.6646849,0,0,1.664685,1982,
10/03/1982,3,1.4801736,2.972652,0,4.452825,1982,
19/03/1982,3,1.20471463,0.1189061,0,1.323621,1982,
20/03/1982,3,1.18906064,0.4161712,0,1.605232,1982,
22/03/1982,3,9.6313912,15.33888,0,24.970273,1982,
25/03/1982,3,2.73483948,0,0,2.734839,1982,
29/03/1982,3,1.78359096,0,0,1.783591,1982,
05/04/1982,4,0.91914388,0.7134364,0.1783591,1.810939,1982,
05/04/1982,4,1.08204518,1.032105,0,2.11415,1982,
11/04/1982,4,1.30796671,0.08323424,0,1.391201,1982,
12/04/1982,4,1.34601665,0,0,1.346017,1982,
12/04/1982,4,1.50738407,0,0,1.507384,1982,
14/04/1982,4,1.10814507,0.8323424,0,1.940488,1982,
14/04/1982,4,2.37812128,0.1533294,0.03834721,2.569798,1982,
18/04/1982,4,1.58076576,0,0,1.580766,1982,
18/04/1982,4,1.40903686,0.078478,0,1.487515,1982,
20/04/1982,4,0,1.307967,0.21403092,1.521998,1982,
21/04/1982,4,1.44351962,0.2473246,0,1.690844,1982,
22/04/1982,4,0,1.783591,0,1.783591,1982,
24/04/1982,4,1.12514031,0.1337253,0,1.258866,1982,
24/04/1982,4,1.57374792,0,0,1.573748,1982,
24/04/1982,4,1.22829964,0.2390012,0,1.467301,1982,
25/04/1982,4,2.71370511,0,0,2.713705,1982,
25/04/1982,4,2.6646849,0.07134364,0,2.736029,1982,
27/04/1982,4,1.45659929,0,0,1.456599,1982,
28/04/1982,4,2.13743163,0,0,2.137432,1982,
28/04/1982,4,2.37812128,0.1009691,0,2.47909,1982,
01/05/1982,5,0,1.783591,0.59453032,2.378121,1982,
01/05/1982,5,1.07015458,3.567182,0,4.637337,1982,
02/05/1982,5,0.59453032,0.5945303,0,1.189061,1982,
03/05/1982,5,1.54577883,0,0,1.545779,1982,
08/05/1982,5,1.90249703,0.4399524,0,2.342449,1982,
12/05/1982,5,0,2.337693,0,2.337693,1982,
16/05/1982,5,0.68370987,0.6539834,0.05945303,1.397146,1982,
23/05/1982,5,0.65398335,3.567182,0,4.221165,1982,
31/05/1982,5,1.54577883,0.0941736,0,1.639952,1982,
03/06/1982,6,1.18906064,0.02972652,0,1.218787,1982,
06/06/1982,6,0.83234245,2.853746,0,3.686088,1982,
07/06/1982,6,2.49702735,0,0,2.497027,1982,
08/06/1982,6,2.49702735,0,0,2.497027,1982,
10/06/1982,6,0.95124851,2.972652,1.30796671,5.231867,1982,
10/06/1982,6,0.83234245,0.4756243,0,1.307967,1982,
11/06/1982,6,1.26812485,0,0,1.268125,1982,
16/06/1982,6,1.6646849,0.5005945,0,2.165279,1982,
17/06/1982,6,4.25369917,0.3864935,0,4.640193,1982,
17/06/1982,6,1.78359096,1.189061,0,2.972652,1982,
22/06/1982,6,0.59453032,0.9512485,0.11890606,1.664685,1982,
24/06/1982,6,0.95124851,0.2378121,0,1.189061,1982,
27/06/1982,6,7.72889417,3.567182,0.59453032,11.890606,1982,
01/07/1982,7,2.55648038,0.3091558,0,2.865636,1982,
01/07/1982,7,1.24436742,0,0,1.244367,1982,
03/07/1982,7,0,1.724138,0,1.724138,1982,
11/07/1982,7,5.69560048,0,0,5.6956,1982,
14/07/1982,7,1.24851367,0.1110559,0,1.35957,1982,
14/07/1982,7,2.14030916,3.745541,1.18906064,7.074911,1982,
15/07/1982,7,1.40347562,0,0,1.403476,1982,
15/07/1982,7,1.17507491,0.09416885,0.13317479,1.402419,1982,
19/07/1982,7,0,1.319857,0,1.319857,1982,
21/07/1982,7,1.96481451,1.553158,0.80261593,4.320589,1982,
24/07/1982,7,1.4863258,0.3567182,0,1.843044,1982,
24/07/1982,7,1.1117717,0.3032105,0,1.414982,1982,
26/07/1982,7,0,1.486326,0,1.486326,1982,
27/07/1982,7,4.75624257,0.1897895,0,4.946032,1982,
28/07/1982,7,0.7372176,1.175981,0,1.913199,1982,
29/07/1982,7,3.68608799,9.374554,6.98929845,20.049941,1982,
29/07/1982,7,1.43650773,0,0,1.436508,1982,
31/07/1982,7,3.12960761,2.378121,0,5.507729,1982,
01/08/1982,8,2.25921522,0.9512485,0,3.210464,1982,
02/08/1982,8,1.39932818,0,0,1.399328,1982,
04/08/1982,8,3.57922711,0.6145077,0.808,5.001735,1982,
04/08/1982,8,2.97265161,0.4756243,0,3.448276,1982,
05/08/1982,8,3.09155767,0.4649227,0,3.55648,1982,
05/08/1982,8,1.35756837,0,0,1.357568,1982,
06/08/1982,8,1.23693817,0.8945731,0,2.131511,1982,
06/08/1982,8,1.84188585,0,0,1.841886,1982,
07/08/1982,8,1.42687277,0,0,1.426873,1982,
09/08/1982,8,2.16409037,0.2535077,0,2.417598,1982,
11/08/1982,8,1.25215458,0,0,1.252155,1982,
12/08/1982,8,1.89970273,0,0,1.899703,1982,
13/08/1982,8,1.15645898,0.4027241,0,1.559183,1982,
20/08/1982,8,1.24925327,0,0,1.249253,1982,
21/08/1982,8,1.90324138,0,0,1.903241,1982,
23/08/1982,8,0.95124851,0.4161712,0.23781213,1.605232,1982,
24/08/1982,8,0,1.754034,0.47562426,2.229659,1982,
27/08/1982,8,1.21284185,0,0,1.212842,1982,
30/08/1982,8,2.37812128,1.070155,0,3.448276,1982,
03/09/1982,9,1.24326754,0,0,1.243268,1982,
06/09/1982,9,1.29419501,0.2896861,0.09104994,1.674931,1982,
08/09/1982,9,1.07015458,0.2829964,0,1.353151,1982,
10/09/1982,9,1.42364209,0.3639025,0,1.787545,1982,
10/09/1982,9,1.72413793,0.3127229,0,2.036861,1982,
13/09/1982,9,1.90249703,0.07134364,0,1.973841,1982,
14/09/1982,9,1.64090369,0,0,1.640904,1982,
18/09/1982,9,1.85252913,1.057403,0,2.909932,1982,
18/09/1982,9,2.55095838,0,0,2.550958,1982,
19/09/1982,9,1.42687277,0.08323424,0.29726516,1.807372,1982,
20/09/1982,9,2.97819025,1.024388,0,4.002578,1982,
22/09/1982,9,0.47562426,0.9512485,0,1.426873,1982,
28/09/1982,9,1.78359096,0.5041867,0.05533413,2.343112,1982,
30/09/1982,9,0.93697979,0.451843,0,1.388823,1982,
01/10/1982,10,2.37812128,1.795482,0,4.173603,1982,
03/10/1982,10,1.27853746,0,0,1.278537,1982,
04/10/1982,10,0.23781213,2.857313,0.46373365,3.558859,1982,
06/10/1982,10,0.80142687,0.3987229,0,1.20015,1982,
16/10/1982,10,1.55123424,0,0,1.551234,1982,
24/10/1982,10,1.6996195,0,0,1.69962,1982,
24/10/1982,10,14.57788347,45.1843,5.94530321,65.707491,1982,
27/10/1982,10,6.80004994,18.56005,1.90249703,27.262595,1982,
27/10/1982,10,12.15219976,3.774078,0,15.926278,1982,
31/10/1982,10,1.27949703,0,0,1.279497,1982,
01/11/1982,11,2.04586207,0.541283,0.51129608,3.098441,1982,
06/11/1982,11,2.1146195,0.8323424,0,2.946962,1982,
07/11/1982,11,1.07015458,0.1545779,0,1.224732,1982,
08/11/1982,11,1.07015458,0.4756243,0.11890606,1.664685,1982,
09/11/1982,11,1.31960166,0,0,1.319602,1982,
11/11/1982,11,1.51659929,0,0,1.516599,1982,
11/11/1982,11,1.27323068,0,0,1.273231,1982,
11/11/1982,11,0,1.664685,0,1.664685,1982,
13/11/1982,11,1.30796671,0,0,1.307967,1982,
15/11/1982,11,1.36741974,1.605232,2.49702735,5.469679,1982,
20/11/1982,11,1.24851367,0,0,1.248514,1982,
21/11/1982,11,1.98682521,0,0,1.986825,1982,
22/11/1982,11,1.07015458,0.3567182,0,1.426873,1982,
23/11/1982,11,1.42687277,0,0,1.426873,1982,
23/11/1982,11,2.16409037,0,0,2.16409,1982,
24/11/1982,11,2.14030916,0,0,2.140309,1982,
25/11/1982,11,1.07015458,0.2378121,0,1.307967,1982,
25/11/1982,11,0.41617122,1.082213,0,1.498384,1982,
27/11/1982,11,0.83234245,0.8561237,0,1.688466,1982,
01/12/1982,12,0,1.839949,0,1.839949,1982,
02/12/1982,12,2.37812128,1.997622,0,4.375743,1982,
02/12/1982,12,1.31304875,0.4736433,0,1.786692,1982,
07/12/1982,12,1.65594411,0,0,1.655944,1982,
09/12/1982,12,0.95124851,0.2378121,0,1.189061,1982,
10/12/1982,12,3.85075981,0,0,3.85076,1982,
10/12/1982,12,1.07015458,3.091558,0,4.161712,1982,
20/12/1982,12,1.07015458,1.070155,0,2.140309,1982,
20/12/1982,12,2.14030916,0,0,2.140309,1982,
20/12/1982,12,2.61593341,0,0,2.615933,1982,
23/12/1982,12,4.16171225,0,0,4.161712,1982,
24/12/1982,12,3.80499405,15.70036,2.75287515,22.258226,1982,
25/12/1982,12,2.25921522,0,0,2.259215,1982,
25/12/1982,12,2.73483948,1.545779,0,4.280618,1982,
25/12/1982,12,1.30624732,0,0,1.306247,1982,
27/12/1982,12,4.16171225,1.426873,0,5.588585,1982,
31/12/1982,12,1.01070155,1.783591,0,2.794293,1982,
03/01/1983,1,1.11234705,0.2291435,0.10011124,1.441602,1983,
03/01/1983,1,1.04063181,0.3090145,0,1.349646,1983,
07/01/1983,1,1.39043382,0.1078977,0.06674082,1.565072,1983,
09/01/1983,1,0.97330367,0.1390434,0,1.112347,1983,
10/01/1983,1,1.04558843,0.9818999,0.7826752,2.810164,1983,
15/01/1983,1,0.80358843,0.9798643,0,1.783453,1983,
18/01/1983,1,2.12869855,0,0,2.128699,1983,
19/01/1983,1,4.2269188,0.1223582,0,4.349277,1983,
23/01/1983,1,0,2.71079,0,2.71079,1983,
24/01/1983,1,1.00111235,0.1334816,0,1.134594,1983,
25/01/1983,1,1.93969522,0.5211468,0.16284427,2.623686,1983,
30/01/1983,1,0.46384872,1.696329,0.23359288,2.393771,1983,
03/02/1983,2,1.11234705,4.272525,0.84983315,6.234705,1983,
08/02/1983,2,0.71078977,0.6674082,0,1.378198,1983,
09/02/1983,2,0.88987764,0.32703,0,1.216908,1983,
11/02/1983,2,1.04560623,0.1179088,0,1.163515,1983,
12/02/1983,2,1.12459066,0.7786429,0.55617353,2.459407,1983,
14/02/1983,2,3.55951057,1.167964,0,4.727475,1983,
14/02/1983,2,1.22358176,0.3337041,0,1.557286,1983,
17/02/1983,2,1.00111235,0.3058954,0,1.307008,1983,
18/02/1983,2,2.89210234,0.2513904,0,3.143493,1983,
20/02/1983,2,0.88987764,0.3072303,0,1.197108,1983,
21/02/1983,2,1.1679644,0,0,1.167964,1983,
24/02/1983,2,0,1.112347,0,1.112347,1983,
18/03/1983,3,1.22358176,0.5561735,0,1.779755,1983,
21/03/1983,3,1.49207008,0.1553326,0,1.647403,1983,
21/03/1983,3,1.31202558,0.4116663,0,1.723692,1983,
22/03/1983,3,3.33704116,2.224694,0,5.561735,1983,
23/03/1983,3,1.33481646,0,0,1.334816,1983,
24/03/1983,3,1.44605117,0,0,1.446051,1983,
28/03/1983,3,1.0567297,0.2780868,0,1.334816,1983,
01/04/1983,4,1.11234705,0.4783092,0,1.590656,1983,
05/04/1983,4,0,1.112347,0,1.112347,1983,
06/04/1983,4,1.73376863,0.5200245,0.77864294,3.032436,1983,
10/04/1983,4,2.11790879,1.668521,0,3.786429,1983,
11/04/1983,4,0.16685206,1.668521,0.38932147,2.224694,1983,
12/04/1983,4,1.11234705,1.334816,0,2.447164,1983,
15/04/1983,4,0,10.01112,0,10.011123,1983,
17/04/1983,4,0.82984316,0.3337041,0,1.163547,1983,
18/04/1983,4,1.11234705,0,0,1.112347,1983,
18/04/1983,4,2.48545495,0.6674082,0,3.152863,1983,
20/04/1983,4,3.72636263,0,0,3.726363,1983,
21/04/1983,4,0.44493882,4.004449,0,4.449388,1983,
21/04/1983,4,0.83426029,1.335769,0.11123471,2.281264,1983,
24/04/1983,4,0,2.447164,1.11234705,3.559511,1983,
04/05/1983,5,4.44938821,0,0,4.449388,1983,
10/05/1983,5,0.86985539,0.3392659,0,1.209121,1983,
13/05/1983,5,1.02335929,0.1334816,0,1.156841,1983,
14/05/1983,5,0,2.224694,0,2.224694,1983,
17/05/1983,5,0.66740823,0.5728587,0,1.240267,1983,
18/05/1983,5,0.88987764,0.2693782,0,1.159256,1983,
24/05/1983,5,1.66852058,0,0,1.668521,1983,
27/05/1983,5,1.11234705,1.668521,0.55617353,3.337041,1983,
29/05/1983,5,7.78642937,1.50723,0.77864294,10.072303,1983,
06/06/1983,6,1.66852058,0.4727475,0,2.141268,1983,
07/06/1983,6,1.1679644,0.3070078,0,1.474972,1983,
10/06/1983,6,0,1.112347,0,1.112347,1983,
10/06/1983,6,1.68965517,0,0,1.689655,1983,
17/06/1983,6,1.66852058,0,0,1.668521,1983,
19/06/1983,6,1.22358176,0.3715239,0.02224694,1.617353,1983,
22/06/1983,6,0.44493882,0.6674082,0,1.112347,1983,
23/06/1983,6,1.77975528,0.2780868,0.11123471,2.169077,1983,
24/06/1983,6,0.93770857,0.5561735,0,1.493882,1983,
29/06/1983,6,1.11234705,0.1846496,0.11123471,1.408231,1983,
01/07/1983,7,0,1.612903,0.88987764,2.502781,1983,
03/07/1983,7,2.25806452,0,0,2.258065,1983,
03/07/1983,7,3.55951057,0.1668521,0,3.726363,1983,
04/07/1983,7,0.80839488,1.085305,0,1.8937,1983,
04/07/1983,7,1.70411568,0,0,1.704116,1983,
07/07/1983,7,1.97125139,0.2809466,0.09065629,2.342854,1983,
08/07/1983,7,1.94660734,0,0,1.946607,1983,
12/07/1983,7,1.27919911,0,0,1.279199,1983,
15/07/1983,7,1.51069633,0,0,1.510696,1983,
17/07/1983,7,1.77975528,0.6674082,0,2.447164,1983,
18/07/1983,7,2.72969967,0.6674082,0.27808676,3.675195,1983,
19/07/1983,7,2.02276418,0.3554772,0,2.378241,1983,
20/07/1983,7,1.39043382,0.3503893,0.03337041,1.774194,1983,
20/07/1983,7,0.79577308,0.663515,0.05583982,1.515128,1983,
25/07/1983,7,1.91657397,0.1902113,0.12791991,2.234705,1983,
25/07/1983,7,1.38042269,0.3248053,0.11123471,1.816463,1983,
02/08/1983,8,0,3.448276,0,3.448276,1983,
05/08/1983,8,4.67185762,0,0,4.671858,1983,
09/08/1983,8,0.82313682,0.3337041,0,1.156841,1983,
16/08/1983,8,1.11234705,0.1112347,0,1.223582,1983,
16/08/1983,8,0,3.189052,0.88987764,4.07893,1983,
17/08/1983,8,0.77864294,0.4137931,0,1.192436,1983,
22/08/1983,8,1.20409344,0,0,1.204093,1983,
22/08/1983,8,2.55839822,0,0,2.558398,1983,
22/08/1983,8,1.29032258,0.2280311,0.10011124,1.618465,1983,
23/08/1983,8,1.38042269,0.2636263,0.17797553,1.822024,1983,
25/08/1983,8,1.14085762,0.3022803,0.16742603,1.610564,1983,
25/08/1983,8,1.22358176,0.5595106,0.07786429,1.860957,1983,
25/08/1983,8,4.05784205,3.934228,0,7.99207,1983,
28/08/1983,8,1.44605117,0.3392659,0,1.785317,1983,
30/08/1983,8,4.00444939,0.8898776,0,4.894327,1983,
31/08/1983,8,2.52057842,0,0,2.520578,1983,
31/08/1983,8,0.97886541,0.32703,0.08898776,1.394883,1983,
31/08/1983,8,1.39043382,0,0,1.390434,1983,
01/09/1983,9,1.29717909,0,0,1.297179,1983,
01/09/1983,9,2.2246941,0.8898776,0.55617353,3.670745,1983,
03/09/1983,9,0.88987764,2.986652,0,3.876529,1983,
03/09/1983,9,1.80756396,1.779755,0,3.587319,1983,
04/09/1983,9,1.21904004,0.2189143,0,1.437954,1983,
05/09/1983,9,1.17527475,0,0,1.175275,1983,
08/09/1983,9,1.50166852,0,0,1.501669,1983,
09/09/1983,9,0.55617353,0.6024605,0.3473693,1.506003,1983,
13/09/1983,9,1.49054505,3.100111,1.33481646,5.925473,1983,
16/09/1983,9,5.56173526,5.401557,1.66852058,12.631813,1983,
16/09/1983,9,2.3381535,0.7230256,0,3.061179,1983,
17/09/1983,9,1.01223582,0.2903226,0.13348165,1.43604,1983,
18/09/1983,9,1.77975528,0.2769744,0.22246941,2.279199,1983,
18/09/1983,9,1.03395106,0.4578154,0,1.491766,1983,
19/09/1983,9,4.02002225,2.896532,0,6.916554,1983,
21/09/1983,9,1.45406229,0.1501669,0,1.604229,1983,
25/09/1983,9,1.66852058,0,0,1.668521,1983,
25/09/1983,9,1.15721135,0,0,1.157211,1983,
27/09/1983,9,0,1.209121,0.11123471,1.320356,1983,
29/09/1983,9,0.66740823,2.780868,0,3.448276,1983,
01/10/1983,10,1.69767519,0.2780868,0,1.975762,1983,
02/10/1983,10,1.33481646,0.4771969,0.04449388,1.856507,1983,
03/10/1983,10,1.66852058,0.3337041,0,2.002225,1983,
03/10/1983,10,2.3415762,2.402754,0.55617353,5.300504,1983,
05/10/1983,10,3.00333704,1.001112,0,4.004449,1983,
06/10/1983,10,1.1244683,0,0,1.124468,1983,
07/10/1983,10,1.54649499,0,0,1.546495,1983,
11/10/1983,10,2.2246941,0.3337041,0,2.558398,1983,
20/10/1983,10,0,1.479166,0,1.479166,1983,
22/10/1983,10,0.06084538,1.131813,0.06674082,1.259399,1983,
22/10/1983,10,0,3.197998,0,3.197998,1983,
24/10/1983,10,2.00222469,0.7786429,0.33370412,3.114572,1983,
27/10/1983,10,1.00111235,0.3114572,0,1.31257,1983,
01/11/1983,11,3.55951057,1.779755,0.33370412,5.67297,1983,
13/11/1983,11,7.23025584,6.117909,0,13.348165,1983,
15/11/1983,11,5.65850945,5.773081,0,11.431591,1983,
16/11/1983,11,2.66963293,1.311457,0.27808676,4.259177,1983,
23/11/1983,11,0.64682981,2.108206,0.61179088,3.366826,1983,
25/11/1983,11,0.77864294,0.3337041,0,1.112347,1983,
26/11/1983,11,0,1.112347,0,1.112347,1983,
28/11/1983,11,0.88987764,0.5561735,0,1.446051,1983,
30/11/1983,11,1.44605117,0.6270634,0,2.073115,1983,
07/12/1983,12,1.22358176,0,0,1.223582,1983,
15/12/1983,12,1.0567297,0.5561735,0,1.612903,1983,
17/12/1983,12,1.01223582,0.1123471,0.19466073,1.319244,1983,
19/12/1983,12,0.65628476,0.4727475,0,1.129032,1983,
20/12/1983,12,1.77975528,0.5561735,0,2.335929,1983,
23/12/1983,12,1.11234705,0.6117909,0,1.724138,1983,
24/12/1983,12,6.67408231,4.449388,0,11.123471,1983,
25/12/1983,12,1.11234705,0.5561735,0,1.668521,1983,
25/12/1983,12,0,1.557286,0,1.557286,1983,
27/12/1983,12,1.55728587,0,0,1.557286,1983,
27/12/1983,12,1.93331146,0,0,1.933311,1983,
27/12/1983,12,1.59065628,0.1334816,0,1.724138,1983,
30/12/1983,12,0.94549499,0.5561735,0,1.501669,1983,
01/01/1984,1,1.20418848,0.898534,0.10471204,2.207435,1984,
01/01/1984,1,0.83769634,0.2094241,0,1.04712,1984,
02/01/1984,1,1.05886911,0.3141361,0.05235602,1.425361,1984,
04/01/1984,1,1.32984293,0.03141361,0,1.361257,1984,
07/01/1984,1,0,2.094241,7.21989529,9.314136,1984,
08/01/1984,1,1.64489005,0,0,1.64489,1984,
09/01/1984,1,0,2.617801,0,2.617801,1984,
10/01/1984,1,2.41441047,0.1267016,0,2.541112,1984,
14/01/1984,1,0,1.256545,0.31413613,1.570681,1984,
15/01/1984,1,1.2565445,0,0,1.256545,1984,
31/01/1984,1,0.94240838,0.2020942,0.31413613,1.458639,1984,
06/02/1984,2,1.04712042,0,0,1.04712,1984,
07/02/1984,2,1.97382199,0.2575916,0,2.231414,1984,
07/02/1984,2,2.19895288,0,0,2.198953,1984,
16/02/1984,2,0,5.026178,0,5.026178,1984,
25/02/1984,2,1.67539267,0.7329843,0,2.408377,1984,
28/02/1984,2,1.05298429,0.5991937,0,1.652178,1984,
29/02/1984,2,1.15183246,0,0,1.151832,1984,
06/03/1984,3,0.80555183,0.2452241,0.26890785,1.319684,1984,
06/03/1984,3,2.61780105,0.08376963,0,2.701571,1984,
06/03/1984,3,2.19895288,0.3455497,0,2.544503,1984,
07/03/1984,3,1.78010471,0.5759162,0,2.356021,1984,
07/03/1984,3,0,1.256545,0,1.256545,1984,
08/03/1984,3,1.2565445,0.4188482,0,1.675393,1984,
09/03/1984,3,1.36125654,0,0,1.361257,1984,
12/03/1984,3,0.73298429,3.141361,0,3.874346,1984,
15/03/1984,3,0.87958115,0.8900524,0,1.769634,1984,
17/03/1984,3,0.65968586,0.4586387,0,1.118325,1984,
17/03/1984,3,1.72774869,0.4816754,0,2.209424,1984,
19/03/1984,3,0.83036649,0.2680628,0,1.098429,1984,
25/03/1984,3,1.15183246,0,0,1.151832,1984,
27/03/1983,3,2.38783351,0.5759162,0,2.96375,1983,
28/03/1984,3,2.61780105,9.005236,0,11.623037,1984,
28/03/1983,3,11.08167539,3.211518,0,14.293194,1983,
03/04/1984,4,1.2565445,0.03141361,0,1.287958,1984,
07/04/1984,4,1.46596859,0,0,1.465969,1984,
14/04/1984,4,3.15183246,9.424084,1.04712042,13.623037,1984,
19/04/1984,4,0.41256545,0.6680628,0.04921466,1.129843,1984,
19/04/1984,4,1.28272251,0.5340314,0.58638744,2.403141,1984,
22/04/1984,4,4.18848168,1.256545,0,5.445026,1984,
25/04/1984,4,0.83350785,0.2134031,0,1.046911,1984,
26/04/1984,4,1.0591623,0,0,1.059162,1984,
26/04/1984,4,0,2.094241,0,2.094241,1984,
26/04/1984,4,0,1.855497,0,1.855497,1984,
27/04/1984,4,1.57068063,0,0,1.570681,1984,
27/04/1984,4,1.36125654,0.5759162,0,1.937173,1984,
30/04/1984,4,1.78010471,0.2136126,0.20942408,2.203141,1984,
02/05/1984,5,2.09424084,0.3664921,0,2.460733,1984,
12/05/1984,5,1.08730262,0.3403141,0,1.427617,1984,
12/05/1984,5,1.2565445,0.321466,0.15706806,1.735079,1984,
13/05/1984,5,2.61780105,1.465969,0,4.08377,1984,
14/05/1984,5,1.15183246,0.9005236,0.10471204,2.157068,1984,
19/04/1984,4,1.46596859,0,0,1.465969,1984,
20/05/1984,5,0.54031414,0.6282723,0,1.168586,1984,
20/05/1984,5,1.04712042,0.07329843,0.10471204,1.225131,1984,
29/05/1983,5,0,1.151832,0,1.151832,1983,
01/06/1984,6,3.45549738,0.3141361,0,3.769634,1984,
01/06/1984,6,1.05316754,0,0.04188482,1.095052,1984,
04/06/1984,6,1.15183246,0.05235602,0,1.204188,1984,
07/06/1984,6,0,2.617801,0,2.617801,1984,
08/06/1984,6,1.36125654,0.5099476,0,1.871204,1984,
08/06/1984,6,2.09424084,2.303665,0,4.397906,1984,
08/06/1984,6,3.35078534,1.256545,0,4.60733,1984,
11/06/1984,6,0.52356021,15.50512,2.61780105,18.646484,1984,
14/06/1984,6,1.04712042,0,0,1.04712,1984,
18/06/1984,6,0,1.04712,0,1.04712,1984,
19/06/1984,6,1.04712042,0,0,1.04712,1984,
19/06/1984,6,0.10471204,15.70681,0,15.811518,1984,
22/06/1984,6,0,1.497382,0.4921466,1.989529,1984,
24/06/1984,6,1.04712042,0,0,1.04712,1984,
24/06/1984,6,1.02617801,0.2303665,0,1.256545,1984,
01/07/1984,7,0.94240838,0.2094241,0,1.151832,1984,
05/07/1984,7,0.89005236,0.1832461,0,1.073298,1984,
09/07/1984,7,1.06415812,0.1302628,0,1.194421,1984,
12/07/1984,7,0.94240838,0.1219529,0,1.064361,1984,
12/07/1984,7,1.25549738,0.1287958,0,1.384293,1984,
12/07/1984,7,0.73298429,0.3874346,0.0104712,1.13089,1984,
15/07/1984,7,1.15183246,0,0,1.151832,1984,
17/07/1984,7,1.67539267,0.1183246,0,1.793717,1984,
20/07/1984,7,1.14136126,0,0,1.141361,1984,
23/07/1984,7,0.90756545,0.6991623,0.02617801,1.632906,1984,
27/07/1984,7,1.57068063,1.073298,0,2.643979,1984,
01/08/1984,8,1.08376963,0.2031267,0,1.286896,1984,
01/08/1984,8,1.30890052,3.141361,0,4.450262,1984,
01/08/1984,8,1.04712042,0.1895288,0,1.236649,1984,
02/08/1984,8,1.36125654,0.5979058,0,1.959162,1984,
04/08/1984,8,0.98162618,0.2094241,0,1.19105,1984,
05/08/1984,8,0.2408377,0.6338052,0.43979058,1.314434,1984,
07/08/1984,8,1.46596859,0.5235602,0,1.989529,1984,
09/08/1984,8,1.0338199,0.4429152,0.1728356,1.649571,1984,
10/08/1984,8,2.30366492,0.4188482,0,2.722513,1984,
11/08/1984,8,0.63532565,0.3994429,0.09765236,1.132421,1984,
16/08/1984,8,1.78010471,0,0,1.780105,1984,
17/08/1984,8,0.81151832,0.7958115,0,1.60733,1984,
20/08/1984,8,0.31413613,0.8900524,0,1.204188,1984,
20/08/1984,8,0.83769634,0.2356021,0,1.073298,1984,
20/08/1984,8,0.96335079,0.1361257,0,1.099476,1984,
21/08/1984,8,1.19371728,0.2020942,0.0104712,1.406283,1984,
21/08/1984,8,1.96544503,0,0,1.965445,1984,
26/08/1984,8,2.40837696,0.6930335,0.26178011,3.363191,1984,
28/08/1984,8,1.57068063,0,0,1.570681,1984,
28/08/1984,8,1.2565445,0,0,1.256545,1984,
29/08/1984,8,1.57068063,1.19176,0,2.762441,1984,
31/08/1984,8,0.73140733,0.3350785,0,1.066486,1984,
31/03/1984,3,0.83769634,0.3648618,0.17539267,1.377951,1984,
02/09/1984,9,0.92957277,0.3706806,0,1.300253,1984,
04/09/1984,9,1.0052356,0.3141361,0,1.319372,1984,
05/09/1984,9,2.19895288,1.204188,0,3.403141,1984,
09/09/1984,9,1.36125654,0,0,1.361257,1984,
09/09/1984,9,0.20942408,0.9685864,0,1.17801,1984,
10/09/1984,9,3.66492147,0.6282723,0,4.293194,1984,
11/09/1984,9,3.14136126,0.8293194,0.83769634,4.808377,1984,
11/09/1984,9,0,1.04712,0.05235602,1.099476,1984,
14/09/1984,9,1.87958115,0.3403141,0,2.219895,1984,
15/09/1984,9,1.57068063,1.04712,0,2.617801,1984,
18/09/1984,9,1.36125654,0.07323979,0,1.434496,1984,
23/09/1984,9,0.73298429,0.3141361,0,1.04712,1984,
26/09/1984,9,2.51308901,0,0,2.513089,1984,
26/09/1983,9,1.45549738,0.1345487,0.03141361,1.62146,1983,
28/09/1983,9,10.47120419,6.387435,2.30366492,19.162304,1983,
30/09/1983,9,1.57068063,0,0,1.570681,1983,
01/10/1984,10,2.30366492,0,0,2.303665,1984,
03/10/1984,10,1.4958,0.3340482,0.01570681,1.845555,1984,
04/10/1984,10,0,1.04712,0,1.04712,1984,
04/10/1984,10,1.57068063,0.4188482,0,1.989529,1984,
06/10/1984,10,1.88481675,0.9424084,0,2.827225,1984,
08/10/1984,10,1.2565445,0,0,1.256545,1984,
09/10/1984,10,3.97905759,0,0,3.979058,1984,
10/10/1984,10,0,1.361257,0,1.361257,1984,
10/10/1984,10,1.30890052,0.3246073,0,1.633508,1984,
24/10/1984,10,16.7539267,2.094241,0,18.848168,1984,
28/10/1984,10,0.7591623,0.3664921,0,1.125654,1984,
29/10/1984,10,4.3177445,0.5689853,0.41884817,5.305578,1984,
01/11/1984,11,1.15183246,0.05235602,0.52356021,1.727749,1984,
02/11/1984,11,1.1548712,0.0104712,0,1.165342,1984,
04/11/1984,11,0.20942408,0.9424084,0,1.151832,1984,
05/11/1984,11,1.2565445,0,0,1.256545,1984,
07/11/1984,11,1.8617801,1.183246,0.52356021,3.568586,1984,
07/11/1984,11,4.39790576,2.837696,0,7.235602,1984,
07/11/1984,11,1.57068063,0,0,1.570681,1984,
10/11/1984,11,2.72251309,4.921466,0,7.643979,1984,
13/11/1984,11,1.46596859,0.6036785,0.05235602,2.122003,1984,
14/11/1984,11,1.04712042,1.884817,0,2.931937,1984,
15/11/1984,11,0.94240838,0.3455497,0,1.287958,1984,
17/11/1984,11,1.06800733,0,0,1.068007,1984,
17/11/1984,11,0.94240838,0.3332063,0,1.275615,1984,
23/11/1984,11,1.62303665,0,0,1.623037,1984,
23/11/1984,11,1.9895288,0.6806283,0,2.670157,1984,
02/12/1984,12,1.2565445,0,0,1.256545,1984,
03/12/1984,12,1.10304817,0,0,1.103048,1984,
03/12/1984,12,0.94240838,0.2617801,0,1.204188,1984,
08/12/1984,12,1.15183246,0,0,1.151832,1984,
08/12/1984,12,1.88481675,0,0,1.884817,1984,
10/12/1984,12,3.66492147,3.874346,0,7.539267,1984,
11/12/1984,12,0.83769634,0.2617801,0,1.099476,1984,
12/12/1984,12,0.62827225,0.7329843,0.20942408,1.570681,1984,
13/12/1984,12,2.61780105,0.05235602,0,2.670157,1984,
17/12/1984,12,0.10471204,1.04712,0,1.151832,1984,
19/12/1984,12,1.78010471,2.094241,0,3.874346,1984,
22/12/1984,12,3.97905759,1.04712,0,5.026178,1984,
28/12/1984,12,1.78010471,0,0,1.780105,1984,
29/12/1984,12,1.83246073,2.408377,0.52356021,4.764398,1984,
31/12/1983,12,0.83769634,0.3141361,0,1.151832,1983,
01/01/1985,1,1.5,0,0,1.5,1985,
03/01/1985,1,1.05,0.201,0,1.251,1985,
04/01/1985,1,0.65,0.38,0,1.03,1985,
05/01/1985,1,0.9,0.15,0,1.05,1985,
05/01/1985,1,1.5,0.4,0,1.9,1985,
05/01/1985,1,1.1,0,0,1.1,1985,
06/01/1985,1,1.5,0.18175,0.2,1.88175,1985,
07/01/1985,1,0.705,0.302,0,1.007,1985,
07/01/1985,1,1.63,0,0,1.63,1985,
07/01/1985,1,0.85,0.175,0,1.025,1985,
08/01/1985,1,0.893929,0.113345,0,1.007274,1985,
08/01/1985,1,3.5,0,0,3.5,1985,
10/01/1985,1,2.9,0,0,2.9,1985,
11/01/1985,1,1.956566,0.506571,0,2.463137,1985,
11/01/1985,1,3.05,0.8,0.775,4.625,1985,
11/01/1985,1,0.9,0.13,0,1.03,1985,
11/01/1985,1,0,1.4,0,1.4,1985,
12/01/1985,1,1.077075,0,0,1.077075,1985,
12/01/1985,1,0.75,0.57,0,1.32,1985,
13/01/1985,1,2.6,0,0,2.6,1985,
13/01/1985,1,0.9,0.16,0.02,1.08,1985,
14/01/1985,1,1.34,0.047,0.13,1.517,1985,
16/01/1985,1,0.7,0.37,0,1.07,1985,
17/01/1985,1,0.725,1.391823,0.14,2.256823,1985,
20/01/1985,1,1.422949,0.365464,0,1.788413,1985,
22/01/1985,1,0.132562,0.962934,0.1834,1.278896,1985,
24/01/1985,1,2.993574,1.0345,0.581,4.609074,1985,
25/01/1985,1,1.191,1.992,0,3.183,1985,
28/01/1985,1,1.2,0,0,1.2,1985,
28/01/1985,1,1.75,0.993,0,2.743,1985,
30/01/1985,1,0.6,1.7,0.7,3,1985,
31/01/1985,1,1.008938,0,0,1.008938,1985,
08/02/1985,2,0.9,0.1,0.004084,1.004084,1985,
10/02/1985,2,0.75,1.1,0,1.85,1985,
11/02/1985,2,1.520994,0,0,1.520994,1985,
11/02/1985,2,0.85,0.386535,0.013554,1.250089,1985,
11/02/1985,2,1,0,0,1,1985,
12/02/1985,2,1.5,0.291,0.165,1.956,1985,
14/02/1985,2,0,1,0.05,1.05,1985,
15/02/1985,2,2.26,0.519,0,2.779,1985,
16/02/1985,2,7.4,9.437567,5.3,22.137567,1985,
17/02/1985,2,1.02,0.375,0.05,1.445,1985,
17/02/1985,2,0.8001,0.205,0,1.0051,1985,
19/02/1985,2,0,1,0,1,1985,
19/02/1985,2,1,0,0,1,1985,
20/02/1985,2,0.95,15.35,0,16.3,1985,
20/02/1985,2,0,1.11,0,1.11,1985,
21/02/1985,2,1.475,0,0,1.475,1985,
21/02/1985,2,0.71799,0.331883,0,1.049873,1985,
23/02/1985,2,1.12,0.633542,0,1.753542,1985,
25/02/1985,2,1.8,4.343355,0,6.143355,1985,
27/02/1985,2,1.23,0,0,1.23,1985,
03/03/1985,3,1.57,0.369,0,1.939,1985,
04/03/1985,3,4,32.5,10,46.5,1985,
05/03/1985,3,1.241472,0,0,1.241472,1985,
11/03/1985,3,2,1.4,0,3.4,1985,
12/03/1985,3,0,1,0,1,1985,
17/03/1985,3,4.8,1.4,0,6.2,1985,
19/03/1985,3,0,1.966237,0,1.966237,1985,
20/03/1985,3,0.67,1,0.5,2.17,1985,
22/03/1985,3,1.296,0,0,1.296,1985,
23/03/1985,3,0.705,0.75,0.1,1.555,1985,
27/03/1985,3,0.9,0.15,0.1,1.15,1985,
28/03/1985,3,0.985,0.345,0,1.33,1985,
28/03/1985,3,2.874285,1.226835,0.023165,4.124285,1985,
11/04/1985,4,0.6,0.794239,0,1.394239,1985,
12/04/1985,4,3.6,0.516228,0.645,4.761228,1985,
14/04/1985,4,0.5,3.2,1.168852,4.868852,1985,
19/04/1985,4,0,4,0,4,1985,
21/04/1985,4,0.6,0.7,0.3,1.6,1985,
24/04/1985,4,3.5,3.585,0,7.085,1985,
26/04/1985,4,0.216,0.924054,0.625,1.765054,1985,
27/04/1985,4,2.963,2.703594,0.64006,6.306654,1985,
28/04/1985,4,0.5,0.75,0,1.25,1985,
28/04/1985,4,0.8,0.4,0,1.2,1985,
29/04/1985,4,0,1.136412,0.09,1.226412,1985,
30/04/1985,4,0,4.3,2.263,6.563,1985,
30/04/1985,4,0,2.5,1.67,4.17,1985,
02/05/1985,5,2.4,0.28,0,2.68,1985,
02/05/1985,5,0.74,0.26,0.075,1.075,1985,
04/05/1985,5,1.932957,0,0,1.932957,1985,
05/05/1985,5,0.775,0.6,0,1.375,1985,
06/05/1985,5,0.9,0.35,0,1.25,1985,
07/05/1985,5,2.2,1.03,0.15,3.38,1985,
09/05/1985,5,0.95,0.4051,0.025,1.3801,1985,
14/05/1985,5,1.783,0.5,0,2.283,1985,
15/05/1985,5,0.75,1.6,0,2.35,1985,
26/05/1985,5,2.8,0.35,0,3.15,1985,
27/05/1985,5,1.9,0.45,1,3.35,1985,
28/05/1985,5,4,0,0,4,1985,
28/05/1985,5,0,8,2.5,10.5,1985,
29/05/1985,5,2.35,0.54,0,2.89,1985,
31/05/1985,5,0,3,2.5,5.5,1985,
31/05/1985,5,1.2,1.6,0,2.8,1985,
01/06/1985,6,0.98,0.28,0,1.26,1985,
02/06/1985,6,0.9,0.2,0,1.1,1985,
06/06/1985,6,0.5,0.658759,0.968,2.126759,1985,
10/06/1985,6,0.5,1.7,0,2.2,1985,
11/06/1985,6,1.05,0.02,0,1.07,1985,
12/06/1985,6,6.8,2.4,0,9.2,1985,
13/06/1985,6,1.5,0,0,1.5,1985,
15/06/1985,6,0.8,0.85,0,1.65,1985,
16/06/1985,6,2.4,9.825,0,12.225,1985,
18/06/1985,6,1.3,0.1,0,1.4,1985,
19/06/1985,6,4.5,8.739,1,14.239,1985,
22/06/1985,6,0.95,0.135,0,1.085,1985,
22/06/1985,6,0.85,0.2,0,1.05,1985,
27/06/1985,6,1.35,1.3,0,2.65,1985,
27/06/1985,6,1.3,0.423,0.4,2.123,1985,
28/06/1985,6,3,2.2,0,5.2,1985,
28/06/1985,6,1.225,0.6,0,1.825,1985,
29/06/1985,6,1.1,0,0,1.1,1985,
02/07/1985,7,0.9,0.1,0,1,1985,
02/07/1985,7,0.6,1.3,0.165,2.065,1985,
06/07/1985,7,0.97,0.3074,0,1.2774,1985,
06/07/1985,7,0.65,0.545,0,1.195,1985,
07/07/1985,7,1.2,0,0,1.2,1985,
07/07/1985,7,1.1,0,0,1.1,1985,
08/07/1985,7,1.4,0,0,1.4,1985,
13/07/1985,7,1.4,0.175,0.01,1.585,1985,
15/07/1985,7,2.165042,1.1,0,3.265042,1985,
15/07/1985,7,0.9,0.3,0,1.2,1985,
16/07/1985,7,2.015,0.218,0.2,2.433,1985,
22/07/1985,7,1.6,0,0,1.6,1985,
28/07/1985,7,0,2,0,2,1985,
02/08/1985,8,0.76,2,2,4.76,1985,
03/08/1985,8,0.94,0.225,0,1.165,1985,
04/08/1985,8,1.345,0.027,0,1.372,1985,
06/08/1985,8,1.2,0,0,1.2,1985,
06/08/1985,8,0.05,1.2,0.4,1.65,1985,
06/08/1985,8,1.3,0.4,0,1.7,1985,
07/08/1985,8,0,1.3,0,1.3,1985,
14/08/1985,8,0.7,0.4,0,1.1,1985,
16/08/1985,8,1.1,0,0,1.1,1985,
19/08/1985,8,0.82,0.421012,0,1.241012,1985,
19/08/1985,8,0.76,0.245,0,1.005,1985,
20/08/1985,8,1,2.25,0.032,3.282,1985,
21/08/1985,8,0.96,0.09,0,1.05,1985,
23/08/1985,8,41.213,15.62,0.577636,57.410636,1985,
24/08/1985,8,0.91,0.142,0.036,1.088,1985,
24/08/1985,8,0.925,0.193,0,1.118,1985,
25/08/1985,8,1.8,0.57,0.3,2.67,1985,
28/08/1985,8,0.9649,0.11,0,1.0749,1985,
30/08/1985,8,2.141,0,0,2.141,1985,
31/08/1985,8,5,0.85,0,5.85,1985,
02/09/1985,9,2,10,2.3,14.3,1985,
04/09/1985,9,0.1,1.23,0.641,1.971,1985,
07/09/1985,9,1,0.7,0,1.7,1985,
08/09/1985,9,1.213,4.434,0.52,6.167,1985,
11/09/1985,9,1,0.05,0,1.05,1985,
12/09/1985,9,0.861058,0.295,0,1.156058,1985,
13/09/1985,9,2.6,0.65215,0.33,3.58215,1985,
15/09/1985,9,3,10.5,0,13.5,1985,
19/09/1985,9,0.915,0.2865,0,1.2015,1985,
19/09/1985,9,1.4,0.25,0,1.65,1985,
23/09/1985,9,1.01,0.1546,0.213,1.3776,1985,
24/09/1985,9,3.8,0,0,3.8,1985,
25/09/1985,9,0.892,0.425,0.0085,1.3255,1985,
25/09/1985,9,3.9,0.05,0.1,4.05,1985,
29/09/1985,9,5,1.2,0.5,6.7,1985,
02/10/1985,10,0.96,0.2,0,1.16,1985,
03/10/1985,10,1.5,0,0,1.5,1985,
06/10/1985,10,0.8,0.26,0,1.06,1985,
10/10/1985,10,1.134699,0.356588,0,1.491287,1985,
11/10/1985,10,1.661813,0.32,0,1.981813,1985,
12/10/1985,10,1.5,0,0,1.5,1985,
12/10/1985,10,2.8,0.31436,0.1,3.21436,1985,
12/10/1985,10,2.25,1.8,0.05,4.1,1985,
13/10/1985,10,0.6,0.4,0,1,1985,
16/10/1985,10,0,10.7,0,10.7,1985,
17/10/1985,10,5.6,13.8,0,19.4,1985,
17/10/1985,10,1.605603,0,0,1.605603,1985,
18/10/1985,10,1.05,0.082,0,1.132,1985,
18/10/1985,10,2.255,0,0,2.255,1985,
19/10/1985,10,2,0.02,0,2.02,1985,
20/10/1985,10,1.231,0,0,1.231,1985,
22/10/1985,10,1.9,1.4,0.8,4.1,1985,
25/10/1985,10,1.23,6,0,7.23,1985,
26/10/1985,10,0.75,1.1,0,1.85,1985,
29/10/1985,10,1,0,0,1,1985,
30/10/1985,10,1,1.5,0.06,2.56,1985,
05/11/1985,11,1.5,0.053,0,1.553,1985,
05/11/1985,11,1.7,0,0,1.7,1985,
06/11/1985,11,1.045472,0,0,1.045472,1985,
06/11/1985,11,0.95,0.104,0,1.054,1985,
10/11/1985,11,0.5,0.5,0,1,1985,
13/11/1985,11,1.31,5.4,2,8.71,1985,
16/11/1985,11,0.5,1,0,1.5,1985,
17/11/1985,11,1.5,0,0,1.5,1985,
18/11/1985,11,1.26106,0,0,1.26106,1985,
19/11/1985,11,0.9,0.155,0,1.055,1985,
27/11/1985,11,1.136,0.116,0.03,1.282,1985,
29/11/1985,11,0.2,1.1,0,1.3,1985,
03/12/1985,12,1.3,0,0,1.3,1985,
04/12/1985,12,1.1,0.172078,0.15,1.422078,1985,
06/12/1985,12,0.8,0.2,0,1,1985,
07/12/1985,12,1.2,0,0,1.2,1985,
08/12/1985,12,1.3,0.55,0,1.85,1985,
10/12/1985,12,1.02,0.16,0,1.18,1985,
11/12/1985,12,0.501,0.542,0,1.043,1985,
11/12/1985,12,0.9,0.1,0,1,1985,
11/12/1985,12,0.6,1,0,1.6,1985,
11/12/1985,12,1,4.5,0.1,5.6,1985,
16/12/1985,12,1.3,0.5,0,1.8,1985,
18/12/1985,12,0,1.5,1,2.5,1985,
20/12/1985,12,0.4,1.25,0.1,1.75,1985,
29/12/1985,12,1.45,0,0,1.45,1985,
02/01/1986,1,0.77145612,0.6894889,0,1.460945,1986,
03/01/1986,1,1.15718419,0,0,1.157184,1986,
04/01/1986,1,1.18495661,0.291514,0.0192864,1.495757,1986,
05/01/1986,1,1.35004822,2.89296,0.96432015,5.207329,1986,
07/01/1986,1,3.37512054,0.3085824,0,3.683703,1986,
09/01/1986,1,1.44648023,0,0,1.44648,1986,
11/01/1986,1,1.03865767,0,0,1.038658,1986,
12/01/1986,1,1.2536162,0,0,1.253616,1986,
13/01/1986,1,0.86788814,0.192864,0,1.060752,1986,
13/01/1986,1,0.24108004,1.157184,0,1.398264,1986,
14/01/1986,1,0.72324012,0.5785921,0.09643202,1.398264,1986,
14/01/1986,1,0,2.4108,0,2.4108,1986,
16/01/1986,1,1.39826422,0.04358727,0,1.441851,1986,
16/01/1986,1,0.67502411,0.9643202,0,1.639344,1986,
19/01/1986,1,0.84860174,0.2020251,0,1.050627,1986,
21/01/1986,1,1.06075217,0.6943105,0,1.755063,1986,
24/01/1986,1,2.31436837,2.16972,0,4.484089,1986,
27/01/1986,1,1.28736741,0.3905497,0,1.677917,1986,
27/01/1986,1,0.77145612,0.289296,0,1.060752,1986,
30/01/1986,1,0.84860174,0.1513983,0,1,1986,
31/01/1986,1,2.31436837,0.7685632,0,3.082932,1986,
01/02/1986,2,0.89199614,0.3857281,0,1.277724,1986,
04/02/1986,2,1.06075217,0.1465767,0,1.207329,1986,
04/02/1986,2,0.96432015,0.9643202,0,1.92864,1986,
05/02/1986,2,0.77145612,0.2314368,0,1.002893,1986,
05/02/1986,2,0.77145612,0.3182257,0,1.089682,1986,
07/02/1986,2,1.45932015,0.2988091,0,1.758129,1986,
11/02/1986,2,1.44648023,0,0,1.44648,1986,
12/02/1986,2,1.2536162,0.3375121,0,1.591128,1986,
12/02/1986,2,0.38572806,0.4339441,0.28929605,1.108968,1986,
13/02/1986,2,0.6171649,0.359026,0.046919,1.02311,1986,
14/02/1986,2,1.92864031,0,0.07232401,2.000964,1986,
15/02/1986,2,0.90794696,0.3190492,0.08731437,1.314311,1986,
16/02/1986,2,1.10414658,0.9643202,0,2.068467,1986,
16/02/1986,2,2.12150434,0.8360656,0.12825458,3.085824,1986,
18/02/1986,2,0.96432015,5.834137,0,6.798457,1986,
19/02/1986,2,1.63934426,0,0,1.639344,1986,
21/02/1986,2,0.46287367,0.5014465,0.67502411,1.639344,1986,
28/02/1986,2,0.94021215,0.289296,0,1.229508,1986,
28/02/1986,2,1.44648023,0.289296,0,1.735776,1986,
28/02/1986,2,2.41062295,0.4127936,0,2.823417,1986,
01/03/1986,3,2.5072324,0,0,2.507232,1986,
03/03/1986,3,1.44082932,0.1928872,0.23302314,1.86674,1986,
03/03/1986,3,4.33944069,0,0.09643202,4.435873,1986,
04/03/1986,3,1.92864031,0,0,1.92864,1986,
04/03/1986,3,0.96432015,0.09643202,0,1.060752,1986,
05/03/1986,3,1.15323047,0.5882353,0,1.741466,1986,
07/03/1986,3,2.41080039,0.4821601,0.19286403,3.085824,1986,
08/03/1986,3,4.33944069,7.714561,0,12.054002,1986,
08/03/1986,3,1.15718419,0,0,1.157184,1986,
09/03/1986,3,2.12150434,0.289296,0,2.4108,1986,
10/03/1986,3,1.44648023,0.1118611,0,1.558341,1986,
16/03/1986,3,1.35004822,0,0,1.350048,1986,
19/03/1986,3,0.77145612,2.4108,0,3.182257,1986,
19/03/1986,3,1.35053038,0.5501331,0,1.900663,1986,
19/03/1986,3,0.48216008,1.350048,0.48216008,2.314368,1986,
22/03/1986,3,0,3.375121,0.33269045,3.707811,1986,
23/03/1986,3,2.70009643,0.5062681,0,3.206365,1986,
30/03/1986,3,0.91610415,0.144648,0,1.060752,1986,
01/04/1986,4,1.44648023,0,0,1.44648,1986,
02/04/1986,4,0.48216008,0.6750241,0,1.157184,1986,
02/04/1986,4,1.83220829,2.4108,0.96432015,5.207329,1986,
02/04/1986,4,2.70009643,0.4821601,0.48216008,3.664417,1986,
03/04/1986,4,1.49469624,0.1645323,0,1.659229,1986,
03/04/1986,4,0.38572806,2.121504,0,2.507232,1986,
07/04/1986,4,0.19286403,0.5882353,2.41080039,3.1919,1986,
07/04/1986,4,2.94117647,13.50048,0,16.441659,1986,
08/04/1986,4,0.84860174,0.2343298,0,1.082932,1986,
08/04/1986,4,2.41080039,0,0,2.4108,1986,
10/04/1986,4,2.79652845,0.5834233,0.28929605,3.669248,1986,
10/04/1986,4,0.98842816,0.192864,0,1.181292,1986,
10/04/1986,4,12.15043394,7.232401,9.64320154,29.026037,1986,
11/04/1986,4,3.37512054,1.44648,0.09643202,4.918033,1986,
11/04/1986,4,0.95564127,0.192864,0,1.148505,1986,
16/04/1986,4,0.77145612,0.6750241,0.09643202,1.542912,1986,
17/04/1986,4,1.2536162,0.3134041,0,1.56702,1986,
18/04/1986,4,1.15718419,0.09643202,0,1.253616,1986,
19/04/1986,4,0.96432015,0.4821601,0.09643202,1.542912,1986,
22/04/1986,4,1.44648023,0.3857281,0,1.832208,1986,
24/04/1986,4,0.48216008,1.157184,0.024108,1.663452,1986,
26/04/1986,4,0.96432015,0.3134041,0,1.277724,1986,
27/04/1986,4,1.21533462,1.228255,0,2.443589,1986,
28/04/1986,4,0,2.89296,0,2.89296,1986,
30/04/1986,4,2.89296046,0.24108,0,3.134041,1986,
01/05/1986,5,0,0.6750241,1.92864031,2.603664,1986,
02/05/1986,5,0.80038573,2.89296,0.09643202,3.789778,1986,
03/05/1986,5,0,1.735776,0.16682739,1.902604,1986,
03/05/1986,5,2.89290743,0.2989392,0.57859209,3.770439,1986,
05/05/1986,5,0.89681774,0.2700096,0,1.166827,1986,
06/05/1986,5,1.05207329,0.07425265,0.06268081,1.189007,1986,
07/05/1986,5,1.15718419,0.1639344,0,1.321119,1986,
12/05/1986,5,1.2536162,0.4821601,0,1.735776,1986,
12/05/1986,5,0.96432015,8.678881,2.89296046,12.536162,1986,
13/05/1986,5,0.98360656,0.3375121,0,1.321119,1986,
15/05/1986,5,0,0.8678881,0.28929605,1.157184,1986,
16/05/1986,5,1.92864031,2.89296,0.96432015,5.785921,1986,
21/05/1986,5,1.35004822,0.4821601,0,1.832208,1986,
21/05/1986,5,1.30183221,0.08714754,0,1.38898,1986,
22/05/1986,5,1.10896818,0.09643202,0,1.2054,1986,
24/05/1986,5,0.14464802,0,0.96432015,1.108968,1986,
28/05/1986,5,1.44648023,0.2635911,0.0192864,1.729358,1986,
30/05/1986,5,0,0.6750241,0.96432015,1.639344,1986,
01/06/1986,6,0.84663645,0.2410116,0,1.087648,1986,
06/06/1986,6,1.15718419,0.3857281,0,1.542912,1986,
09/06/1986,6,1.43201543,0,0,1.432015,1986,
10/06/1986,6,0.72324012,1.44648,0,2.16972,1986,
14/06/1986,6,2.02507232,3.375121,0,5.400193,1986,
20/06/1986,6,3.37512054,2.4108,0,5.785921,1986,
22/06/1986,6,0.77145612,0.5785921,0,1.350048,1986,
22/06/1986,6,5.78592093,0,0.28929605,6.075217,1986,
26/06/1986,6,2.89296046,11.57184,3.85728062,18.322083,1986,
26/06/1986,6,1.15718419,0,0,1.157184,1986,
29/06/1986,6,0.53037608,1.060752,0,1.591128,1986,
30/06/1986,6,1.06075217,0.8678881,0,1.92864,1986,
30/06/1986,6,1.35004822,0.09643202,0,1.44648,1986,
30/06/1986,6,1.54291225,0.1350048,0,1.677917,1986,
30/06/1986,6,1.15718419,0,0,1.157184,1986,
01/07/1986,7,0.74346191,0.2675362,0,1.010998,1986,
01/07/1986,7,1.63934426,1.2054,0,2.844744,1986,
02/07/1986,7,0,1.735776,0,1.735776,1986,
04/07/1986,7,1.02314368,0.1272903,0,1.150434,1986,
05/07/1986,7,0.57859209,1.92864,0,2.507232,1986,
06/07/1986,7,1.92864031,0.9643202,0,2.89296,1986,
08/07/1986,7,1.80810029,0.289296,0,2.097396,1986,
11/07/1986,7,1.95081967,0.1221794,0.01350048,2.0865,1986,
13/07/1986,7,1.44648023,0,0,1.44648,1986,
15/07/1986,7,1.38379942,0.3470106,0.41947927,2.150289,1986,
17/07/1986,7,0.57859209,0.5435005,0,1.122093,1986,
18/07/1986,7,1.12825458,0.3857281,0.14464802,1.658631,1986,
20/07/1986,7,1.06075217,0.6364513,0,1.697203,1986,
22/07/1986,7,0,1.542912,0.04821601,1.591128,1986,
22/07/1986,7,4.53230473,1.253616,0,5.785921,1986,
22/07/1986,7,0.86788814,0.1639344,0.024108,1.055931,1986,
30/07/1986,7,0.48216008,0.9643202,0,1.44648,1986,
31/07/1986,7,2.89296046,0,0,2.89296,1986,
01/08/1986,8,1.15718419,0,0,1.157184,1986,
01/08/1986,8,0.74059788,0.3799421,0,1.12054,1986,
03/08/1986,8,1.15718419,0,0,1.157184,1986,
03/08/1986,8,1.13693346,0.06644166,0,1.203375,1986,
04/08/1986,8,4.14657666,1.44648,0,5.593057,1986,
04/08/1986,8,1.22082932,0.2121504,0,1.43298,1986,
04/08/1986,8,1.09932498,0.06374156,0.10125362,1.26432,1986,
05/08/1986,8,1.14754098,0.2516876,0,1.399229,1986,
07/08/1986,8,0.98360656,0.09659499,0.06750241,1.147704,1986,
13/08/1986,8,1.17572228,0.06251205,0,1.238234,1986,
15/08/1986,8,1.75988428,0,0,1.759884,1986,
16/08/1986,8,0.96432015,0.5785921,0,1.542912,1986,
16/08/1986,8,0.67502411,1.44648,0,2.121504,1986,
17/08/1986,8,1.15718419,0.3857281,0,1.542912,1986,
18/08/1986,8,0.77145612,0.4821601,0,1.253616,1986,
18/08/1986,8,1.92864031,0,0,1.92864,1986,
22/08/1986,8,1.30183221,0.0289296,0,1.330762,1986,
28/08/1986,8,1.92864031,0,0,1.92864,1986,
30/08/1986,8,1.10896818,0,0,1.108968,1986,
02/09/1986,9,1.44648023,0.5785921,0,2.025072,1986,
03/09/1986,9,2.41080039,6.268081,0,8.678881,1986,
07/09/1986,9,1.63934426,0.5785921,0,2.217936,1986,
07/09/1986,9,1.15718419,0.144648,0,1.301832,1986,
08/09/1986,9,1.12389682,0,0,1.123897,1986,
09/09/1986,9,1.43201543,0.1460945,0.14946962,1.72758,1986,
09/09/1986,9,1.37415622,0,0,1.374156,1986,
10/09/1986,9,0.83895853,0.167999,0,1.006958,1986,
12/09/1986,9,6.46094503,1.639344,0,8.100289,1986,
13/09/1986,9,0.96432015,0.03857281,0,1.002893,1986,
13/09/1986,9,0.96432015,0.144648,0.06268081,1.171649,1986,
16/09/1986,9,8.53423337,1.735776,0,10.27001,1986,
17/09/1986,9,1.12984185,0.1415535,0,1.271395,1986,
17/09/1986,9,2.31436837,0.5785921,0,2.89296,1986,
18/09/1986,9,2.70009643,0.4281639,0.21697204,3.345232,1986,
20/09/1986,9,1.06075217,0,0,1.060752,1986,
20/09/1986,9,1.92864031,0.9643202,0,2.89296,1986,
22/09/1986,9,0.89296046,0.2285439,0,1.121504,1986,
24/09/1986,9,1.44648023,0.2507232,0,1.697203,1986,
24/09/1986,9,0,1.620058,0.09643202,1.71649,1986,
25/09/1986,9,0.86306654,0.1621986,0.07714561,1.102411,1986,
26/09/1986,9,10.12536162,3.567985,3.37512054,17.068467,1986,
27/09/1986,9,2.21793635,0.3857281,0,2.603664,1986,
28/09/1986,9,0.89103182,0.3625844,0,1.253616,1986,
28/09/1986,9,3.56798457,0,0,3.567985,1986,
30/09/1986,9,1.2536162,0.24108,0,1.494696,1986,
03/10/1986,10,0.96432015,0.6412729,0.03375121,1.639344,1986,
03/10/1986,10,1.28158149,0.3992285,0.04146577,1.722276,1986,
03/10/1986,10,1.85535198,0.4956606,0,2.351013,1986,
03/10/1986,10,1.68756027,0,0,1.68756,1986,
03/10/1986,10,1.47058824,0,0,1.470588,1986,
06/10/1986,10,1.92864031,0.3857281,0,2.314368,1986,
06/10/1986,10,0.77145612,0.4821601,0,1.253616,1986,
07/10/1986,10,1.14442912,0,0,1.144429,1986,
11/10/1986,10,1.20540019,0,0,1.2054,1986,
15/10/1986,10,0.96432015,1.542912,0.0954677,2.6027,1986,
16/10/1986,10,2.17743491,0.4798843,0.28447445,2.941794,1986,
17/10/1986,10,1.69720347,0.2719383,0.21215043,2.181292,1986,
19/10/1986,10,1.44648023,0,0,1.44648,1986,
23/10/1986,10,1.44648023,3.375121,0,4.821601,1986,
26/10/1986,10,2.07135969,1.766635,0,3.837994,1986,
26/10/1986,10,1.06075217,0.144648,0.14464802,1.350048,1986,
28/10/1986,10,1.54291225,0,0,1.542912,1986,
28/10/1986,10,0.81967213,0.3375121,0,1.157184,1986,
29/10/1986,10,1.63934426,0.289296,0,1.92864,1986,
30/10/1986,10,1.92864031,0.3134041,0,2.242044,1986,
30/10/1986,10,1.10896818,0.07714561,0.07714561,1.263259,1986,
30/10/1986,10,1.01253616,0,0,1.012536,1986,
31/10/1986,10,1.44648023,0.4821601,0,1.92864,1986,
03/11/1986,11,0.04821601,1.041466,0.04821601,1.137898,1986,
03/11/1986,11,0.91224687,0.1253616,0,1.037608,1986,
04/11/1986,11,0.57859209,0.6750241,0,1.253616,1986,
06/11/1986,11,1.92864031,0.2338476,0.02507232,2.18756,1986,
07/11/1986,11,4.14657666,0.4760704,0.14464802,4.767295,1986,
08/11/1986,11,1.2536162,0.289296,0,1.542912,1986,
09/11/1986,11,0.85824494,0.1301832,0.07232401,1.060752,1986,
10/11/1986,11,2.75216972,0,0,2.75217,1986,
24/11/1986,11,0.96432015,1.735776,0.48216008,3.182257,1986,
24/11/1986,11,0.96432015,0.4821601,0,1.44648,1986,
26/11/1986,11,1.44648023,0.4821601,0,1.92864,1986,
29/11/1986,11,0,1.591128,0,1.591128,1986,
01/12/1986,12,3.08582449,0,0,3.085824,1986,
02/12/1986,12,0.96432015,3.134041,0,4.098361,1986,
03/12/1986,12,1.68756027,0.192864,0,1.880424,1986,
04/12/1986,12,0.48216008,1.92864,0,2.4108,1986,
04/12/1986,12,0.14464802,0.8678881,0,1.012536,1986,
05/12/1986,12,1.92864031,0,0,1.92864,1986,
07/12/1986,12,1.06075217,0,0,1.060752,1986,
12/12/1986,12,0,1.639344,0,1.639344,1986,
13/12/1986,12,0.88717454,0.24108,0,1.128255,1986,
13/12/1986,12,1.44648023,0,0,1.44648,1986,
14/12/1986,12,0,1.44648,0,1.44648,1986,
18/12/1986,12,0,2.4108,0.48216008,2.89296,1986,
18/12/1986,12,0.53037608,0.4725169,0.38572806,1.388621,1986,
21/12/1986,12,0,1.157184,0.48216008,1.639344,1986,
22/12/1986,12,1.15718419,0.5756991,0.28929605,2.022179,1986,
23/12/1986,12,1.2536162,0.3551109,0.09643202,1.705159,1986,
24/12/1986,12,0.93056895,0.12054,0,1.051109,1986,
25/12/1986,12,11.08968177,3.567985,3.08582449,17.743491,1986,
27/12/1986,12,1.15718419,0,0,1.157184,1986,
28/12/1986,12,0.09643202,3.278689,0.48216008,3.857281,1986,
29/12/1986,12,1.2536162,0.3551109,0.09643202,1.705159,1986,
29/12/1986,12,1.35004822,0,0,1.350048,1986,
30/12/1986,12,1.2536162,4.243009,0,5.496625,1986,
