Date,mes,building,contents,profits,total,Año,frecuencia
03/01/1988,1,1.18456078,0.4338953,0,1.618456,1988,210
01/01/1988,1,0.75244011,0.2750665,0,1.027507,1988,234
03/01/1988,1,2.21827862,10.64774,3.54924579,16.415262,1988,
04/01/1988,1,1.50842946,0,0,1.508429,1988,
08/01/1988,1,0,1.153505,0.53238687,1.685892,1988,
10/01/1988,1,1.33096717,0,0,1.330967,1988,
15/01/1988,1,1.33096717,0.8873114,0.08873115,2.30701,1988,
19/01/1988,1,1.20053239,0.7196096,0,1.920142,1988,
20/01/1988,1,3.77107365,0,0,3.771074,1988,
21/01/1988,1,0.26619343,0.621118,0.26619343,1.153505,1988,
22/01/1988,1,0,5.094055,0,5.094055,1988,
23/01/1988,1,0.39574091,2.560781,0,2.956522,1988,
23/01/1988,1,1.68589175,0.1126886,0,1.79858,1988,
23/01/1988,1,1.02040816,0.5323869,0,1.552795,1988,
25/01/1988,1,0.7985803,0.4436557,0.08873115,1.330967,1988,
26/01/1988,1,1.74711624,0.1401952,0,1.887311,1988,
29/01/1988,1,0,0.8873114,0.88731145,1.774623,1988,
30/01/1988,1,0.97604259,0.3549246,0,1.330967,1988,
01/02/1988,2,1.13575865,3.549246,1.33096717,6.015972,1988,
06/02/1988,2,2.21827862,1.043478,0,3.261757,1988,
09/02/1988,2,1.03460515,0.1322094,0,1.166815,1988,
10/02/1988,2,2.48447205,0.03637977,0,2.520852,1988,
11/02/1988,2,0.93167702,0.3620231,0,1.2937,1988,
14/02/1988,2,15.52795031,2.896185,0,18.424135,1988,
17/02/1988,2,1.06477374,0,0,1.064774,1988,
19/02/1988,2,0,1.511979,0.44365572,1.955634,1988,
19/02/1988,2,0,1.597161,0.44365572,2.040816,1988,
21/02/1988,2,3.10559006,4.880213,0,7.985803,1988,
22/02/1988,2,3.31144632,0.1854481,0,3.496894,1988,
29/02/1988,2,2.04081633,4.470275,0,6.511091,1988,
29/02/1988,2,1.15350488,0.1064774,0,1.259982,1988,
02/03/1988,3,1.50842946,0.2502218,0.09494233,1.853594,1988,
03/03/1988,3,0.08873114,1.464064,0,1.552795,1988,
07/03/1988,3,1.24755989,0.01952085,0,1.267081,1988,
08/03/1988,3,1.86335404,0.2661934,0,2.129547,1988,
09/03/1988,3,1.50842946,1.131322,0.06654836,2.7063,1988,
12/03/1988,3,0.4880213,1.064774,0,1.552795,1988,
12/03/1988,3,0,0.8873114,0.44365572,1.330967,1988,
14/03/1988,3,1.02395741,0.4436557,0,1.467613,1988,
14/03/1988,3,1.15350488,1.153505,0,2.30701,1988,
18/03/1988,3,1.50842946,0.3992902,0,1.90772,1988,
19/03/1988,3,0.88731145,0.3549246,0,1.242236,1988,
21/03/1988,3,0.60780834,0.6033718,0,1.21118,1988,
24/03/1988,3,1.99645075,0,0,1.996451,1988,
25/03/1988,3,7.09849157,17.74623,13.3096717,38.154392,1988,
06/04/1988,4,1.24223602,0.7098492,0.17746229,2.129547,1988,
09/04/1988,4,0,2.484472,0,2.484472,1988,
12/04/1988,4,1.57497782,0.1153505,0,1.690328,1988,
13/04/1988,4,1.76574978,0,0,1.76575,1988,
14/04/1988,4,1.29015084,0.2484472,0,1.538598,1988,
14/04/1988,4,1.24223602,0,0.44365572,1.685892,1988,
16/04/1988,4,1.24223602,0,0,1.242236,1988,
19/04/1988,4,1.33096717,0,0,1.330967,1988,
20/04/1988,4,0,1.982254,0,1.982254,1988,
20/04/1988,4,1.68589175,0.1774623,0,1.863354,1988,
23/04/1988,4,1.88553682,0,0,1.885537,1988,
24/04/1988,4,3.10559006,1.394854,0.70984916,5.210293,1988,
24/04/1988,4,1.15350488,0,0,1.153505,1988,
24/04/1988,4,0.90150843,0.8873114,0,1.78882,1988,
26/04/1988,4,5.7675244,0,0,5.767524,1988,
26/04/1988,4,1.33096717,0,0,1.330967,1988,
26/04/1988,4,2.21827862,3.726708,0.88731145,6.832298,1988,
29/04/1988,4,0.4880213,0.7409051,0.13309672,1.362023,1988,
29/04/1988,4,0,2.661934,0.88731145,3.549246,1988,
30/04/1988,4,1.10913931,0.2661934,0,1.375333,1988,
30/04/1988,4,1.95208518,0.3549246,0,2.30701,1988,
08/05/1988,5,0.53238687,1.597161,0.53238687,2.661934,1988,
08/05/1988,5,7.54214729,0,0,7.542147,1988,
09/05/1988,5,4.08163265,0.6237799,0.97604259,5.681455,1988,
09/05/1988,5,3.90417036,3.771074,1.55279503,9.228039,1988,
11/05/1988,5,1.08074534,0,0,1.080745,1988,
11/05/1988,5,1.6122449,0,0,1.612245,1988,
12/05/1988,5,0,1.242236,0,1.242236,1988,
12/05/1988,5,1.22892635,0.1277728,0,1.356699,1988,
12/05/1988,5,1.50842946,0,0,1.508429,1988,
13/05/1988,5,1.5971606,0.7098492,0,2.30701,1988,
15/05/1988,5,1.19787045,0.1774623,0,1.375333,1988,
16/05/1988,5,0.31055901,0.621118,0.62111801,1.552795,1988,
17/05/1988,5,6.04259095,17.74623,3.54924579,27.338066,1988,
19/05/1988,5,0.44365572,0.4436557,0.35048802,1.237799,1988,
23/05/1988,5,1.06477374,0.1109139,0.01685892,1.192547,1988,
25/05/1988,5,1.27772848,0,0,1.277728,1988,
26/05/1988,5,1.33096717,0,0,1.330967,1988,
26/05/1988,5,1.33096717,6.21118,0,7.542147,1988,
27/05/1988,5,1.86335404,0.2271517,0.13309672,2.223602,1988,
27/05/1988,5,0,0.8873114,0.26619343,1.153505,1988,
29/05/1988,5,1.33096717,0.4569654,0,1.787933,1988,
29/05/1988,5,0.70984916,0.7275954,0,1.437445,1988,
29/05/1988,5,5.7675244,0.3726708,0,6.140195,1988,
30/05/1988,5,1.37533274,0.2413487,0,1.616681,1988,
31/05/1988,5,2.09405501,0,0,2.094055,1988,
31/05/1988,5,2.48447205,9.31677,0,11.801242,1988,
01/06/1988,6,2.83939663,0.1330967,0,2.972493,1988,
03/06/1988,6,0.70984916,1.242236,0,1.952085,1988,
03/06/1988,6,2.21827862,0.2253771,0.04436557,2.488021,1988,
05/06/1988,6,3.99290151,0,0,3.992902,1988,
05/06/1988,6,1.5971606,0.6255546,0,2.222715,1988,
05/06/1988,6,6.65483585,17.74623,0.88731145,25.288376,1988,
06/06/1988,6,2.44010648,0,0,2.440106,1988,
06/06/1988,6,3.54924579,0.1774623,0,3.726708,1988,
06/06/1988,6,0,2.865129,0.88731145,3.75244,1988,
10/06/1988,6,1.64152618,0,0,1.641526,1988,
13/06/1988,6,0.7985803,0.1774623,0.26619343,1.242236,1988,
15/06/1988,6,1.24223602,0,0,1.242236,1988,
16/06/1988,6,0.44365572,3.992902,0,4.436557,1988,
21/06/1988,6,1.06477374,0,0,1.064774,1988,
21/06/1988,6,0.22182786,0.7098492,0.26619343,1.19787,1988,
24/06/1988,6,1.86335404,0.5323869,0,2.395741,1988,
24/06/1988,6,0.88731145,4.880213,4.43655723,10.204082,1988,
29/06/1988,6,1.77462289,0,0,1.774623,1988,
29/06/1988,6,2.32031943,0,0,2.320319,1988,
29/06/1988,6,0.70984916,1.597161,0,2.30701,1988,
01/07/1988,7,0.73291925,0.3549246,0,1.087844,1988,
01/07/1988,7,0.87843833,0.2644188,0,1.142857,1988,
01/07/1988,7,1.15350488,0,0,1.153505,1988,
01/07/1988,7,1.44543035,0.4214729,0,1.866903,1988,
02/07/1988,7,2.48447205,0,0,2.484472,1988,
04/07/1988,7,2.57320319,0,0,2.573203,1988,
05/07/1988,7,0.81277728,0.3087844,0,1.121562,1988,
06/07/1988,7,5.32386868,0.6654836,0,5.989352,1988,
08/07/1988,7,2.10292813,0.4063886,0,2.509317,1988,
09/07/1988,7,0.94498669,0.3833185,0,1.328305,1988,
12/07/1988,7,0.76131322,0.2839397,0,1.045253,1988,
14/07/1988,7,1.3877551,0,0,1.387755,1988,
16/07/1988,7,0,1.064774,0.08873115,1.153505,1988,
18/07/1988,7,1.2866016,0,0,1.286602,1988,
18/07/1988,7,0.75421473,0.2928128,0,1.047028,1988,
19/07/1988,7,1.41969831,2.661934,0.53238687,4.61402,1988,
19/07/1988,7,10.69210293,3.10559,6.65483585,20.452529,1988,
19/07/1988,7,2.21827862,0,0,2.218279,1988,
20/07/1988,7,1.77462289,2.661934,0.88731145,5.323869,1988,
26/07/1988,7,0.88731145,0.3291925,0,1.216504,1988,
30/07/1988,7,1.77462289,4.436557,0.88731145,7.098492,1988,
08/08/1988,8,0,0.9760426,0.35492458,1.330967,1988,
09/08/1988,8,1.77462289,0,0,1.774623,1988,
10/08/1988,8,2.33007986,0.5048802,0.17746229,3.012422,1988,
12/08/1988,8,34.60514641,9.207631,3.20674357,47.019521,1988,
15/08/1988,8,0.19520852,0.7275954,0.17746229,1.100266,1988,
18/08/1988,8,0.97604259,0.6415262,0.69210293,2.309672,1988,
21/08/1988,8,0.90505768,0.2404614,0,1.145519,1988,
21/08/1988,8,1.24223602,0.133984,0,1.37622,1988,
22/08/1988,8,0.93966282,0.2031943,0,1.142857,1988,
24/08/1988,8,1.86335404,0.1455191,0.88731145,2.896185,1988,
24/08/1988,8,0.88731145,0.8873114,0,1.774623,1988,
29/08/1988,8,1.35403727,0,0,1.354037,1988,
01/09/1988,9,5.05767524,1.774623,17.74622893,24.578527,1988,
04/09/1988,9,0.53682343,1.724933,0,2.261757,1988,
05/09/1988,9,4.43655723,0,0,4.436557,1988,
05/09/1988,9,0.88731145,0.461402,0,1.348713,1988,
06/09/1988,9,3.10559006,6.566105,6.21118012,15.882875,1988,
06/09/1988,9,0.26619343,0.7542147,0,1.020408,1988,
08/09/1988,9,0.97604259,0.2866016,0,1.262644,1988,
08/09/1988,9,0.39929015,1.508429,0.75421473,2.661934,1988,
09/09/1988,9,0.95031056,0.1011535,0,1.051464,1988,
11/09/1988,9,1.33096717,0.5323869,0.08873115,1.952085,1988,
14/09/1988,9,0.31055901,0.6477374,0.39929015,1.357587,1988,
17/09/1988,9,1.33096717,0.310559,0,1.641526,1988,
18/09/1988,9,1.33096717,4.436557,1.77462289,7.542147,1988,
19/09/1988,9,2.21827862,0,0,2.218279,1988,
19/09/1988,9,3.54924579,1.330967,0.62111801,5.501331,1988,
20/09/1988,9,1.67701863,0.5252884,0.00887311,2.21118,1988,
22/09/1988,9,0,1.477374,0,1.477374,1988,
27/09/1988,9,1.33096717,0.310559,0,1.641526,1988,
27/09/1988,9,0.22182786,0.7098492,0.08873115,1.020408,1988,
01/10/1988,10,3.28305235,0,0,3.283052,1988,
04/10/1988,10,5.54569654,15.97161,4.43655723,25.95386,1988,
04/10/1988,10,1.06477374,0,0,1.064774,1988,
08/10/1988,10,2.57320319,0.8873114,0.62111801,4.081633,1988,
08/10/1988,10,1.65661047,0.5536823,0.07808341,2.288376,1988,
17/10/1988,10,0.8296362,0.2200532,0.05057675,1.100266,1988,
20/10/1988,10,2.66193434,0.176575,0,2.838509,1988,
20/10/1988,10,2.0851819,0.3549246,0.75421473,3.194321,1988,
23/10/1988,10,0.97604259,0.621118,0,1.597161,1988,
28/10/1988,10,0,1.774623,0,1.774623,1988,
29/10/1988,10,1.33096717,0.2573203,0.13309672,1.721384,1988,
02/11/1988,11,0,1.712511,0.62111801,2.333629,1988,
03/11/1988,11,3.69565217,0.7985803,0,4.494232,1988,
05/11/1988,11,5.7675244,1.330967,1.77462289,8.873114,1988,
05/11/1988,11,2.54924579,0.1268855,0,2.676131,1988,
07/11/1988,11,0,1.058563,0.08873115,1.147294,1988,
07/11/1988,11,1.33096717,0,0,1.330967,1988,
10/11/1988,11,1.50842946,0,0,1.508429,1988,
11/11/1988,11,1.24223602,0,0,1.242236,1988,
14/11/1988,11,0.70984916,0.3992902,0,1.109139,1988,
18/11/1988,11,0.44365572,5.767524,0,6.21118,1988,
19/11/1988,11,1.46406389,0.1330967,0.13309672,1.730257,1988,
19/11/1988,11,1.15350488,0,0,1.153505,1988,
20/11/1988,11,0.4880213,0.5678793,0,1.055901,1988,
21/11/1988,11,1.71251109,0.1668146,0,1.879326,1988,
23/11/1988,11,0.08873114,1.313221,0,1.401952,1988,
26/11/1988,11,0.97604259,0.4436557,0,1.419698,1988,
27/11/1988,11,0,2.715173,0,2.715173,1988,
02/12/1988,12,0.62111801,2.661934,0.7985803,4.081633,1988,
02/12/1988,12,1.75244011,0,0,1.75244,1988,
05/12/1988,12,0.66548358,0.4232476,0,1.088731,1988,
06/12/1988,12,0,1.330967,2.21827862,3.549246,1988,
06/12/1988,12,1.28305235,0,0,1.283052,1988,
08/12/1988,12,0.84294587,1.330967,0,2.173913,1988,
09/12/1988,12,1.86335404,0.9760426,0,2.839397,1988,
12/12/1988,12,0,3.10559,0.26619343,3.371783,1988,
12/12/1988,12,1.33096717,0,0,1.330967,1988,
14/12/1988,12,2.66193434,1.330967,0.62111801,4.61402,1988,
15/12/1988,12,4.43655723,5.323869,1.06477374,10.8252,1988,
16/12/1988,12,0,4.436557,1.33096717,5.767524,1988,
17/12/1988,12,0.84294587,0.2661934,0,1.109139,1988,
17/12/1988,12,8.87311446,14.19698,7.98580302,31.055901,1988,
18/12/1988,12,1.77462289,0.7763975,0.55456965,3.10559,1988,
18/12/1988,12,1.33096717,0,0,1.330967,1988,
25/12/1988,12,1.33096717,0.3549246,0,1.685892,1988,
25/12/1988,12,0,3.992902,0,3.992902,1988,
02/01/1989,1,1.12870449,0.7121084,0,1.840813,1989,
03/01/1989,1,1.02286198,0.1329382,0.12701101,1.282811,1989,
05/01/1989,1,4.91109229,0.465707,0,5.376799,1989,
09/01/1989,1,0.22692633,1.134632,0,1.361558,1989,
11/01/1989,1,0.67739204,0.296359,0.08467401,1.058425,1989,
11/01/1989,1,0.63505504,0.3683319,0,1.003387,1989,
14/01/1989,1,2.20152413,0.508044,0.25402202,2.96359,1989,
15/01/1989,1,1.16342083,0.05165114,0.05588484,1.270957,1989,
15/01/1989,1,1.27011008,0.635055,0,1.905165,1989,
17/01/1989,1,0.42337003,2.54022,1.27011008,4.2337,1989,
17/01/1989,1,1.94750212,0,0,1.947502,1989,
19/01/1989,1,2.54022015,0.1591871,0.21168501,2.911092,1989,
20/01/1989,1,4.23370025,16.9348,3.3869602,24.555461,1989,
21/01/1989,1,0.55038103,0.677392,0,1.227773,1989,
24/01/1989,1,0.61388654,0.4360711,0.16934801,1.219306,1989,
24/01/1989,1,2.70956816,0.5588484,0,3.268417,1989,
26/01/1989,1,1.27011008,3.132938,0.42337003,4.826418,1989,
26/01/1989,1,1.6596105,0,0,1.65961,1989,
29/01/1989,1,0.79085521,0.42337,0,1.214225,1989,
31/01/1989,1,0,1.016088,0,1.016088,1989,
02/02/1989,2,1.10076207,0.2447079,0.17781541,1.523285,1989,
02/02/1989,2,0.84674005,1.439458,0.39796782,2.684166,1989,
05/02/1989,2,1.37171888,0.1905165,0,1.562235,1989,
06/02/1989,2,0.93056732,0.1905165,0,1.121084,1989,
13/02/1989,2,0.7400508,0.2743438,0,1.014395,1989,
14/02/1989,2,6.98560542,33.59695,1.50889077,42.091448,1989,
14/02/1989,2,0.84674005,0.8467401,0,1.69348,1989,
14/02/1989,2,0,1.640135,0,1.640135,1989,
15/02/1989,2,0,1.69348,0.25402202,1.947502,1989,
15/02/1989,2,3.3869602,1.27011,0,4.65707,1989,
15/02/1989,2,1.05842506,0,0,1.058425,1989,
18/02/1989,2,0.90855207,0.2074513,0,1.116003,1989,
22/02/1989,2,1.52413209,0,0,1.524132,1989,
23/02/1989,2,0.22353937,1.168501,0,1.392041,1989,
27/02/1989,2,0,1.016088,0.21168501,1.227773,1989,
04/03/1989,3,3.3869602,11.00762,0,14.394581,1989,
06/03/1989,3,0.19898391,0.762066,0.16934801,1.130398,1989,
07/03/1989,3,1.32091448,0.42337,0,1.744285,1989,
07/03/1989,3,0,1.100762,0.84674005,1.947502,1989,
08/03/1989,3,0,0.9314141,0.25402202,1.185436,1989,
14/03/1989,3,0.61812024,1.947502,0,2.565622,1989,
16/03/1989,3,0,1.14818,0,1.14818,1989,
17/03/1989,3,1.6934801,0.2286198,0.25402202,2.176122,1989,
19/03/1989,3,0,1.331075,0,1.331075,1989,
23/03/1989,3,8.46740051,9.009314,3.3869602,20.863675,1989,
23/03/1989,3,1.27011008,0.5986452,0.0254022,1.894157,1989,
23/03/1989,3,2.11685013,0,0,2.11685,1989,
24/03/1989,3,0.38103302,1.27011,0,1.651143,1989,
27/03/1989,3,0,0.8467401,0.21168501,1.058425,1989,
27/03/1989,3,7.62066046,1.608806,0,9.229467,1989,
01/04/1989,4,0,1.016088,0.12701101,1.143099,1989,
03/04/1989,4,0,5.92718,0,5.92718,1989,
04/04/1989,4,1.19813717,0,0,1.198137,1989,
05/04/1989,4,1.43861135,0.3361558,0,1.774767,1989,
06/04/1989,4,1.26587638,0.6096528,0,1.875529,1989,
09/04/1989,4,0.58425064,5.08044,0,5.664691,1989,
12/04/1989,4,1.10076207,0,0,1.100762,1989,
14/04/1989,4,0.76206605,3.38696,0,4.149026,1989,
16/04/1989,4,1.01608806,0.2675699,0,1.283658,1989,
17/04/1989,4,1.05842506,0,0,1.058425,1989,
19/04/1989,4,2.20152413,0,0,2.201524,1989,
20/04/1989,4,0,0.9508891,0.33869602,1.289585,1989,
21/04/1989,4,0.93141406,0.42337,0,1.354784,1989,
23/04/1989,4,3.81033023,0.1828959,0.42337003,4.416596,1989,
24/04/1989,4,0,1.016088,0.25402202,1.27011,1989,
26/04/1989,4,1.6934801,8.467401,4.23370025,14.394581,1989,
28/04/1989,4,2.54022015,0.146486,0,2.686706,1989,
28/04/1989,4,1.6934801,0,0,1.69348,1989,
28/04/1989,4,1.18204911,0.4419983,0,1.624047,1989,
30/04/1989,4,3.3869602,0,0,3.38696,1989,
02/05/1989,5,0.50804403,3.556308,0,4.064352,1989,
03/05/1989,5,1.30143946,0,0,1.301439,1989,
04/05/1989,5,1.27011008,0,0,1.27011,1989,
06/05/1989,5,1.27011008,0.2836579,0,1.553768,1989,
06/05/1989,5,1.11685013,0.3598645,0,1.476715,1989,
07/05/1989,5,1.01608806,0.1735817,0,1.18967,1989,
11/05/1989,5,1.01608806,0,0,1.016088,1989,
11/05/1989,5,3.04826418,6.07282,1.01608806,10.137172,1989,
13/05/1989,5,2.54022015,0.1227773,0,2.662997,1989,
13/05/1989,5,0.81287045,0.2328535,0,1.045724,1989,
15/05/1989,5,2.28619814,1.354784,0.16934801,3.81033,1989,
18/05/1989,5,1.27011008,0,0,1.27011,1989,
19/05/1989,5,0,1.69348,0,1.69348,1989,
21/05/1989,5,1.48179509,0,0,1.481795,1989,
22/05/1989,5,1.52413209,0,0,1.524132,1989,
23/05/1989,5,1.27011008,1.27011,0.42337003,2.96359,1989,
24/05/1989,5,0.84674005,0.3344623,0,1.181202,1989,
24/05/1989,5,1.17696867,0.3886537,0,1.565622,1989,
24/05/1989,5,2.37087214,0.677392,0,3.048264,1989,
25/05/1989,5,2.54022015,0.4250635,0.37256562,3.337849,1989,
25/05/1989,5,1.18543607,0.2718036,0,1.45724,1989,
26/05/1989,5,1.01608806,0,0,1.016088,1989,
29/05/1989,5,4.23370025,0.0677392,0,4.301439,1989,
02/06/1989,6,2.03217612,0,0,2.032176,1989,
04/06/1989,6,3.81033023,0,0.21168501,4.022015,1989,
05/06/1989,6,0.27519052,0.635055,0.21168501,1.121931,1989,
08/06/1989,6,1.36748518,0.5122777,0,1.879763,1989,
11/06/1989,6,2.20152413,0,0,2.201524,1989,
11/06/1989,6,1.27011008,0,0,1.27011,1989,
12/06/1989,,1.52413209,0.2099915,0,1.734124,1989,
13/06/1989,,0.71972904,0.3471634,0.10160881,1.168501,1989,
13/06/1989,,2.11685013,4.2337,0.42337003,6.77392,1989,
16/06/1989,,0.84674005,0.3302286,0,1.176969,1989,
17/06/1989,,3.06096528,0.42337,1.01608806,4.500423,1989,
17/06/1989,,1.70533446,0.254022,0.25402202,2.213378,1989,
21/06/1989,,1.01608806,0,0,1.016088,1989,
21/06/1989,,1.86282811,0,0,1.862828,1989,
23/06/1989,,0.25402202,1.524132,0.42337003,2.201524,1989,
27/06/1989,,0.66045724,0.5588484,0,1.219306,1989,
27/06/1989,,5.71549534,0,0,5.715495,1989,
28/06/1989,,3.47163421,2.96359,0,6.435224,1989,
28/06/1989,,0,3.38696,2.11685013,5.50381,1989,
28/06/1989,,0,2.11685,0.42337003,2.54022,1989,
28/06/1989,,5.0804403,0,0,5.08044,1989,
29/06/1989,,5.0804403,0,0,5.08044,1989,
03/07/1989,,1.77815411,0.254022,0,2.032176,1989,
05/07/1989,,1.34801016,2.743438,0,4.091448,1989,
06/07/1989,,1.18543607,0.7163421,0,1.901778,1989,
08/07/1989,,3.3869602,1.439458,0,4.826418,1989,
10/07/1989,,1.30143946,0.7171888,0.11346317,2.132091,1989,
10/07/1989,,1.45639289,0.03725656,0.07620661,1.569856,1989,
13/07/1989,,0.99491956,0.1033023,0.15495343,1.253175,1989,
18/07/1989,,1.27011008,0,0,1.27011,1989,
18/07/1989,,2.79424217,0.3048264,0,3.099069,1989,
18/07/1989,,1.45639289,0.1574936,0.29635902,1.910246,1989,
20/07/1989,,0.87214225,0.42337,0,1.295512,1989,
22/07/1989,,1.6934801,0.592718,0.25402202,2.54022,1989,
23/07/1989,,1.62404742,0.2709568,0.59271804,2.487722,1989,
24/07/1989,,1.94750212,0.338696,0,2.286198,1989,
24/07/1989,,0,1.100762,0.30482642,1.405588,1989,
25/07/1989,,1.05842506,0.0338696,0.01016088,1.102456,1989,
26/07/1989,,0.67739204,0.338696,0,1.016088,1989,
28/07/1989,,3.55630821,0.296359,0,3.852667,1989,
28/07/1989,,4.23370025,7.493649,1.07451312,12.801863,1989,
28/07/1989,,1.6088061,0,0,1.608806,1989,
30/07/1989,,1.52413209,0,0,1.524132,1989,
31/07/1989,,0,1.69348,0.27942422,1.972904,1989,
02/08/1989,,1.27011008,0,0,1.27011,1989,
03/08/1989,,0.51481795,0.338696,0.93141406,1.784928,1989,
04/08/1989,,5.0804403,8.467401,2.54022015,16.088061,1989,
04/08/1989,,1.43945809,0,0,1.439458,1989,
04/08/1989,,152.4132091,0,0,152.413209,1989,
05/08/1989,,1.10076207,0.254022,0.08467401,1.439458,1989,
05/08/1989,,0.59017782,1.27011,1.27011008,3.130398,1989,
07/08/1989,,2.21168501,4.07536,0,6.287045,1989,
08/08/1989,,2.07451312,0.5419136,0.16088061,2.777307,1989,
09/08/1989,,0.71972904,0.3132938,0,1.033023,1989,
10/08/1989,,0,1.016088,0,1.016088,1989,
11/08/1989,,12.70110076,1.312447,0,14.013548,1989,
18/08/1989,,0,1.016088,0.25402202,1.27011,1989,
22/08/1989,,1.21507197,0,0,1.215072,1989,
23/08/1989,,7.40897544,0.9585097,0,8.367485,1989,
23/08/1989,,0.42337003,0.4360711,0.19898391,1.058425,1989,
23/08/1989,,0.37256562,0.5588484,0.18628281,1.117697,1989,
24/08/1989,,3.81033023,0,0,3.81033,1989,
25/08/1989,,0.76206605,0.254022,0.08467401,1.100762,1989,
26/08/1989,,1.01608806,0.4301439,0.07451312,1.520745,1989,
27/08/1989,,1.11769687,0.3700254,0,1.487722,1989,
27/08/1989,,0,2.54022,0.84674005,3.38696,1989,
28/08/1989,,2.11685013,1.27011,1.27011008,4.65707,1989,
28/08/1989,,2.12701101,0.1507197,0,2.277731,1989,
29/08/1989,,0.80440305,0.2370872,0,1.04149,1989,
30/08/1989,,1.01608806,0.1608806,0,1.176969,1989,
30/08/1989,,1.52413209,0,0,1.524132,1989,
31/08/1989,,1.05842506,0.2303133,0,1.288738,1989,
04/09/1989,,0.42337003,0.42337,0.42337003,1.27011,1989,
04/09/1989,,2.65029636,0.784928,0.33869602,3.77392,1989,
09/09/1989,,0.93141406,0.2667231,0,1.198137,1989,
10/09/1989,,1.29889924,1.053345,0,2.352244,1989,
11/09/1989,,0.81287045,0.254022,0,1.066892,1989,
11/09/1989,,0.81287045,0.254022,0,1.066892,1989,
11/09/1989,,4.9957663,1.185436,3.21761219,9.398815,1989,
11/09/1989,,1.27011008,0,0,1.27011,1989,
14/09/1989,,1.28281118,3.640982,0.84674005,5.770533,1989,
14/09/1989,,0.78746825,0.2624894,0,1.049958,1989,
14/09/1989,,1.28281118,0,0.25402202,1.536833,1989,
16/09/1989,,0.81287045,0.2709568,0,1.083827,1989,
18/09/1989,,1.31244708,0.2709568,0.29635902,1.879763,1989,
21/09/1989,,0.64352244,0.635055,0,1.278577,1989,
22/09/1989,,0,1.354784,0,1.354784,1989,
24/09/1989,,3.97967824,0,0,3.979678,1989,
25/09/1989,,2.54022015,2.11685,0.59271804,5.249788,1989,
25/09/1989,,1.31244708,0.1718882,0.08128705,1.565622,1989,
25/09/1989,,0,8.467401,4.23370025,12.701101,1989,
26/09/1989,,4.57239627,0,0,4.572396,1989,
27/09/1989,,0.76206605,0.8467401,1.31244708,2.921253,1989,
28/09/1989,,1.27011008,0.127011,0.38103302,1.778154,1989,
29/09/1989,,1.52413209,0,0,1.524132,1989,
29/09/1989,,3.3869602,5.92718,2.37087214,11.685013,1989,
01/10/1989,,1.6934801,0.42337,0,2.11685,1989,
02/10/1989,,1.33784928,0.3022862,0.09314141,1.733277,1989,
02/10/1989,,2.54022015,0,0,2.54022,1989,
07/10/1989,,0.94834886,0.08806097,0.13971211,1.176122,1989,
20/10/1989,,1.6934801,4.2337,0.08467401,6.011854,1989,
22/10/1989,,2.75190517,29.6359,0,32.387807,1989,
23/10/1989,,1.27011008,1.69348,7.62066046,10.584251,1989,
24/10/2008,,1.21930567,0.42337,0,1.642676,2008,
24/10/1989,,3.3869602,0,0,3.38696,1989,
26/10/1989,,0.84674005,0.169348,0,1.016088,1989,
10/11/1989,,1.6934801,2.11685,1.05842506,4.868755,1989,
11/11/1989,,1.27011008,0.2582557,0,1.528366,1989,
12/11/1989,,0.93141406,0.169348,0,1.100762,1989,
13/11/1989,,0.78323455,0.296359,0,1.079594,1989,
13/11/1989,,1.6934801,0,0,1.69348,1989,
14/11/1989,,16.93480102,1.185436,0.50804403,18.628281,1989,
15/11/1989,,1.29127858,0.4403048,0,1.731583,1989,
16/11/1989,,1.6934801,2.11685,0,3.81033,1989,
16/11/1989,,0.76206605,0.338696,0,1.100762,1989,
19/11/1989,,1.6934801,0.0254022,0.11854361,1.837426,1989,
20/11/1989,,0.76206605,0.254022,0,1.016088,1989,
29/11/1989,,1.6934801,2.11685,0.84674005,4.65707,1989,
29/11/1989,,0.97544454,0.3395428,0,1.314987,1989,
30/11/1989,,1.52413209,0,0,1.524132,1989,
03/12/1989,,0,2.11685,0.16934801,2.286198,1989,
03/12/1989,,1.01608806,0,0,1.016088,1989,
05/12/1989,,1.27011008,0.234547,0.38103302,1.88569,1989,
06/12/1989,,0.97375106,0.1685013,0.16934801,1.3116,1989,
06/12/1989,,1.22777307,0,0,1.227773,1989,
08/12/1989,,0.76206605,0.338696,0,1.100762,1989,
09/12/1989,,3.3869602,0,0,3.38696,1989,
13/12/1989,,0,1.210838,0.42337003,1.634208,1989,
14/12/1989,,0.67061812,0.3429297,0,1.013548,1989,
15/12/1989,,1.57239627,0.05249788,0.10160881,1.726503,1989,
18/12/1989,,0,2.96359,0.84674005,3.81033,1989,
18/12/1989,,1.86367485,0.508044,0.08467401,2.456393,1989,
19/12/1989,,2.03217612,0.400508,0.25402202,2.686706,1989,
20/12/1989,,1.00338696,0,0,1.003387,1989,
22/12/1989,,0.84589331,0.169348,0,1.015241,1989,
25/12/1989,,1.27011008,0.592718,0,1.862828,1989,
29/12/1989,,0.84674005,0.2370872,0,1.083827,1989,
30/12/1989,,2.11685013,0,0,2.11685,1989,
30/12/1989,,3.3869602,0.762066,0,4.149026,1989,
31/12/1989,,0.84674005,0.169348,0,1.016088,1989,
31/12/1989,,0,1.016088,0,1.016088,1989,
31/12/1989,,0.84674005,0.3302286,0,1.176969,1989,
