,S_sim_2[i],Resta,W+Pis-X,funcion,,,,,,,,
1,503.4189892,-65.24640888,234.7535911,30.64334128,,,,,Prima ut cero,438.1725803,,
2,414.7167285,23.45585183,323.4558518,35.96975684,,,,,W,300,,
3,403.8904903,34.28209004,334.28209,36.56676579,,,,,Media,34.64101615,,
4,496.8916508,-58.71907042,241.2809296,31.06644039,,,,,,,,
5,465.81192,-27.63933963,272.3606604,33.00670601,,,,,fn(W),34.64101615,,
6,469.941862,-31.76928169,268.2307183,32.75550142,,,,,sigma,0.5,,
7,393.9609321,44.21164822,344.2116482,37.10588353,,,,,,,,
8,440.899772,-2.727191661,297.2728083,34.48320219,,,,,Resta,-1.53E-09,,
9,443.1075007,-4.934920317,295.0650797,34.35491695,,,,,,,,
10,467.0109222,-28.8383419,271.1616581,32.93397383,,,,,,,,
11,420.5000411,17.67253928,317.6725393,35.64674119,,,,,,,,
12,431.7859231,6.38665723,306.3866572,35.00780811,,,,,,,,
13,418.4722761,19.70030424,319.7003042,35.76033021,,,,,,,,
14,409.8366133,28.33596707,328.3359671,36.24008648,,,,,,,,
15,460.1840837,-22.01150336,277.9884966,33.34597407,,,,,,,,
16,453.1370978,-14.9645175,285.0354825,33.76598777,,,,,,,,
17,375.2102666,62.96231375,362.9623137,38.1031397,,,,,,,,
18,445.5038058,-7.331225409,292.6687746,34.21512967,,,,,,,,
19,411.2035982,26.96898218,326.9689822,36.16456731,,,,,Prima base,436.847,,copiados y pegados desde el código de r
20,408.5275889,29.64499147,329.6449915,36.31225641,,,,,PrimaVaR,572.8256,,
21,428.0165255,10.15605481,310.1560548,35.22249593,,,,,Prima utilidad cero,438.1726,,
22,473.345752,-35.17317163,264.8268284,32.5470016,,,,,,,,
23,450.5667757,-12.39419538,287.6058046,33.91788936,,,,,,,,
24,484.2567966,-46.0842163,253.9157837,31.86947026,,,,,,,,
25,466.9842775,-28.81169718,271.1883028,32.93559186,,,,,,,,
26,411.8433776,26.32920275,326.3292027,36.12916842,,,,,,,,
27,395.3653299,42.80725043,342.8072504,37.03010939,,,,,,,,
28,386.3695163,51.80306405,351.803064,37.51282789,,,,,,,,
29,391.5870323,46.58554802,346.585548,37.23361642,,,,,,,,
30,398.2323113,39.94026902,339.940269,36.87493832,,,,,,,,
31,419.4808879,18.69169242,318.6916924,35.70387612,,,,,,,,
32,444.4506256,-6.278045266,293.7219547,34.27663663,,,,,,,,
33,458.8704822,-20.69790191,279.3020981,33.42466742,,,,,,,,
34,445.5296259,-7.357045577,292.6429544,34.21362035,,,,,,,,
35,388.4372346,49.73534572,349.7353457,37.40242483,,,,,,,,
36,463.8532661,-25.68068573,274.3193143,33.12517558,,,,,,,,
37,384.9998876,53.1726927,353.1726927,37.58577884,,,,,,,,
38,450.2398113,-12.06723091,287.9327691,33.93716365,,,,,,,,
39,415.5149672,22.65761315,322.6576131,35.92534555,,,,,,,,
40,410.1392058,28.03337452,328.0333745,36.22338331,,,,,,,,
41,370.261513,67.91106729,367.9110673,38.36201597,,,,,,,,
42,511.9894566,-73.81687626,226.1831237,30.0787715,,,,,,,,
43,379.068481,59.1040993,359.1040993,37.9000844,,,,,,,,
44,447.3385658,-9.165985437,290.8340146,34.10771259,,,,,,,,
45,373.6325909,64.53998941,364.5399894,38.1858607,,,,,,,,
46,424.4644255,13.70815481,313.7081548,35.42361669,,,,,,,,
47,400.9318364,37.24074394,337.2407439,36.72823132,,,,,,,,
48,443.666806,-5.494225672,294.5057743,34.32234108,,,,,,,,
49,463.1944998,-25.02191944,274.9780806,33.16492609,,,,,,,,
50,495.4037274,-57.23114702,242.768853,31.16208292,,,,,,,,
51,495.3655278,-57.19294749,242.8070525,31.16453449,,,,,,,,
52,396.9228315,41.24974885,341.2497489,36.94589281,,,,,,,,
53,527.2421899,-89.06960954,210.9303905,29.04688558,,,,,,,,
54,381.2011324,56.9714479,356.9714479,37.78737609,,,,,,,,
55,456.9568436,-18.78426322,281.2157368,33.53897654,,,,,,,,
56,401.8591482,36.3134321,336.3134321,36.6777007,,,,,,,,
57,423.1170363,15.05554401,315.055544,35.49960811,,,,,,,,
58,513.011818,-74.83923761,225.1607624,30.01071558,,,,,,,,
59,448.4085486,-10.23596822,289.7640318,34.04491338,,,,,,,,
60,421.9527171,16.21986325,316.2198632,35.56514379,,,,,,,,
61,417.9459229,20.22665743,320.2266574,35.78975593,,,,,,,,
62,379.3899574,58.78262291,358.7826229,37.88311618,,,,,,,,
63,466.9600968,-28.78751643,271.2124836,32.93706019,,,,,,,,
64,479.6383072,-41.46572682,258.5342732,32.158002,,,,,,,,
65,377.0133875,61.15919289,361.1591929,38.00837765,,,,,,,,
66,482.9732678,-44.80068742,255.1993126,31.94991785,,,,,,,,
67,465.9530673,-27.78048694,272.2195131,32.99815226,,,,,,,,
68,401.6407454,36.5318349,336.5318349,36.68960806,,,,,,,,
69,420.0845081,18.08807228,318.0880723,35.67004751,,,,,,,,
70,431.1072868,7.065293538,307.0652935,35.04655724,,,,,,,,
71,434.6211143,3.551466071,303.5514661,34.84545687,,,,,,,,
72,443.6493161,-5.476735783,294.5232642,34.32336022,,,,,,,,
73,395.8132174,42.35936294,342.3593629,37.00591104,,,,,,,,
74,379.0050279,59.16755245,359.1675525,37.90343269,,,,,,,,
75,451.2687665,-13.09618612,286.9038139,33.87647053,,,,,,,,
76,363.115141,75.05743931,375.0574393,38.7327995,,,,,,,,
77,445.3082116,-7.13563128,292.8643687,34.22656096,,,,,,,,
78,453.9375147,-15.7649344,284.2350656,33.71854478,,,,,,,,
79,419.0282469,19.14433342,319.1443334,35.72922241,,,,,,,,
80,450.6958199,-12.52323951,287.4767605,33.9102793,,,,,,,,
81,444.6310153,-6.458434988,293.541565,34.2661095,,,,,,,,
82,500.1534048,-61.98082449,238.0191755,30.85574018,,,,,,,,
83,420.1943542,17.97822611,317.9782261,35.66388796,,,,,,,,
84,461.1666347,-22.99405436,277.0059456,33.28699119,,,,,,,,
85,431.1822958,6.990284589,306.9902846,35.04227644,,,,,,,,
86,467.0061164,-28.83353605,271.166464,32.93426568,,,,,,,,
87,417.7567293,20.41585105,320.4158511,35.80032687,,,,,,,,
88,459.4074451,-21.2348648,278.7651352,33.39252223,,,,,,,,
89,448.9715849,-10.79900456,289.2009954,34.01182121,,,,,,,,
90,489.2092484,-51.03666806,248.9633319,31.55714385,,,,,,,,
91,411.8734878,26.29909255,326.2990926,36.12750158,,,,,,,,
92,449.6412976,-11.46871724,288.5312828,33.97241721,,,,,,,,
93,430.9236737,7.248906613,307.2489066,35.05703391,,,,,,,,
94,373.1230917,65.04948868,365.0494887,38.21253662,,,,,,,,
95,385.4223077,52.75027262,352.7502726,37.56329446,,,,,,,,
96,476.4342995,-38.26171915,261.7382808,32.35665501,,,,,,,,
97,394.1657176,44.00686277,344.0068628,37.094844,,,,,,,,
98,406.8169144,31.3556659,331.3556659,36.40635471,,,,,,,,
99,444.8943907,-6.721810345,293.2781897,34.25073369,,,,,,,,
100,416.0813657,22.09121466,322.0912147,35.89379972,,,,,,,,
101,423.8059329,14.3666474,314.3666474,35.46077537,,,,,,,,
102,446.069919,-7.897338691,292.1026613,34.18202225,,,,,,,,
103,404.9223057,33.25027467,333.2502747,36.51028757,,,,,,,,
104,387.3354121,50.83716828,350.8371683,37.46129567,,,,,,,,
105,378.8905098,59.28207054,359.2820705,37.90947483,,,,,,,,
106,432.0384345,6.134145845,306.1341458,34.99337914,,,,,,,,
107,434.831025,3.341555347,303.3415553,34.83340669,,,,,,,,
108,460.4807774,-22.30819702,277.691803,33.32817445,,,,,,,,
109,412.0019051,26.17067528,326.1706753,36.12039176,,,,,,,,
110,457.3785439,-19.20596354,280.7940365,33.51382022,,,,,,,,
111,416.1380649,22.03451544,322.0345154,35.89064031,,,,,,,,
112,474.2261028,-36.05352244,263.9464776,32.49285937,,,,,,,,
113,485.3990797,-47.22649932,252.7735007,31.79770436,,,,,,,,
114,445.5693034,-7.396723042,292.603277,34.21130088,,,,,,,,
115,352.0751632,86.09741715,386.0974171,39.2987235,,,,,,,,
116,508.6243289,-70.45174858,229.5482514,30.30169972,,,,,,,,
117,433.4052362,4.767344099,304.7673441,34.91517401,,,,,,,,
118,468.6900058,-30.51742541,269.4825746,32.83184884,,,,,,,,
119,485.2361888,-47.0636085,252.9363915,31.80794816,,,,,,,,
120,446.9525327,-8.779952355,291.2200476,34.1303412,,,,,,,,
121,461.9294932,-23.75691282,276.2430872,33.24112436,,,,,,,,
122,409.8815462,28.29103411,328.2910341,36.23760666,,,,,,,,
123,482.7091021,-44.53652175,255.4634782,31.9664498,,,,,,,,
124,459.3791351,-21.20655477,278.7934452,33.39421778,,,,,,,,
125,463.2652106,-25.09263028,274.9073697,33.16066162,,,,,,,,
126,389.2065315,48.96604886,348.9660489,37.36126598,,,,,,,,
127,410.2931957,27.87938465,327.8793846,36.21488007,,,,,,,,
128,369.1019943,69.07058603,369.070586,38.42241981,,,,,,,,
129,414.7200516,23.45252879,323.4525288,35.96957207,,,,,,,,
130,435.8846648,2.28791556,302.2879156,34.77285813,,,,,,,,
131,411.2862784,26.88630196,326.886302,36.15999458,,,,,,,,
132,402.7686912,35.40388915,335.4038891,36.62807061,,,,,,,,
133,414.5220564,23.65052396,323.650524,35.98057943,,,,,,,,
134,462.5084053,-24.335825,275.664175,33.20627501,,,,,,,,
135,398.6360749,39.53650543,339.5365054,36.85303273,,,,,,,,
136,420.7027544,17.46982598,317.469826,35.63536592,,,,,,,,
137,400.0720598,38.10052051,338.1005205,36.77501981,,,,,,,,
138,407.9960935,30.17648688,330.1764869,36.34151823,,,,,,,,
139,464.81826,-26.6456797,273.3543203,33.06686077,,,,,,,,
140,441.3931792,-3.220598812,296.7794012,34.45457306,,,,,,,,
141,440.5327785,-2.360198159,297.6398018,34.50448098,,,,,,,,
142,491.7588359,-53.58625554,246.4137445,31.39514258,,,,,,,,
143,441.9908366,-3.818256209,296.1817438,34.41986309,,,,,,,,
144,455.7695678,-17.59698742,282.4030126,33.60970173,,,,,,,,
145,409.1010013,29.07157906,329.0715791,36.28066036,,,,,,,,
146,414.4589203,23.71366009,323.7136601,35.98408871,,,,,,,,
147,467.4370991,-29.26451877,270.7354812,32.90808297,,,,,,,,
148,437.3034506,0.869129723,300.8691297,34.69115909,,,,,,,,
149,385.0620814,53.11049894,353.1104989,37.58246926,,,,,,,,
150,507.2544844,-69.0819041,230.9180959,30.39197894,,,,,,,,
151,539.0332691,-100.8606887,199.1393113,28.22334574,,,,,,,,
152,403.7193173,34.45326308,334.4532631,36.57612681,,,,,,,,
153,428.6553857,9.517194634,309.5171946,35.18620154,,,,,,,,
154,481.7666553,-43.59407499,256.405925,32.02536026,,,,,,,,
155,403.1577537,35.01482665,335.0148266,36.60682049,,,,,,,,
156,435.314335,2.858245333,302.8582453,34.80564583,,,,,,,,
157,438.1829479,-0.010367573,299.9896324,34.64041757,,,,,,,,
158,395.882519,42.29006132,342.2900613,37.00216541,,,,,,,,
159,404.5969447,33.57563569,333.5756357,36.5281062,,,,,,,,
160,420.0799684,18.09261196,318.092612,35.67030204,,,,,,,,
161,397.824025,40.34855531,340.3485553,36.89707605,,,,,,,,
162,483.1772228,-45.00464247,254.9953575,31.93714812,,,,,,,,
163,394.4382214,43.73435896,343.734359,37.08014881,,,,,,,,
164,430.0727056,8.099874703,308.0998747,35.10554798,,,,,,,,
165,442.5959195,-4.423339118,295.5766609,34.38468618,,,,,,,,
166,426.3331935,11.83938684,311.8393868,35.31794936,,,,,,,,
167,452.2628106,-14.09023026,285.9097697,33.8177332,,,,,,,,
168,431.2130931,6.959487278,306.9594873,35.04051868,,,,,,,,
169,440.9187886,-2.746208263,297.2537917,34.48209922,,,,,,,,
170,405.0714658,33.1011145,333.1011145,36.5021158,,,,,,,,
171,516.0428588,-77.87027845,222.1297215,29.80803392,,,,,,,,
172,499.6000392,-61.42745883,238.5725412,30.89158728,,,,,,,,
173,444.8186646,-6.646084216,293.3539158,34.25515528,,,,,,,,
174,423.5514559,14.6211244,314.6211244,35.47512505,,,,,,,,
175,439.6551965,-1.482616204,298.5173838,34.55531124,,,,,,,,
176,423.7280545,14.44452588,314.4445259,35.46516747,,,,,,,,
177,480.5416999,-42.36911955,257.6308805,32.1017682,,,,,,,,
178,358.3552293,79.81735104,379.817351,38.97780656,,,,,,,,
179,472.6892975,-34.51671718,265.4832828,32.5873155,,,,,,,,
180,415.7923931,22.38018724,322.3801872,35.90989765,,,,,,,,
181,362.0317444,76.14083591,376.1408359,38.78870124,,,,,,,,
182,493.8021457,-55.62956533,244.3704347,31.26470436,,,,,,,,
183,477.8564099,-39.68382955,260.3161704,32.26863309,,,,,,,,
184,453.5221118,-15.34953141,284.6504686,33.74317523,,,,,,,,
185,408.0361033,30.13647701,330.136477,36.33931628,,,,,,,,
186,402.0841074,36.08847291,336.0884729,36.66543183,,,,,,,,
187,429.8256266,8.346953768,308.3469538,35.11962151,,,,,,,,
188,409.7027958,28.46978455,328.4697846,36.24747078,,,,,,,,
189,469.0509838,-30.87840342,269.1215966,32.80985197,,,,,,,,
190,425.5272893,12.64529109,312.6452911,35.36355701,,,,,,,,
191,458.6147306,-20.44215028,279.5578497,33.43996709,,,,,,,,
192,370.1517601,68.02082027,368.0208203,38.3677375,,,,,,,,
193,406.2633497,31.90923068,331.9092307,36.43675236,,,,,,,,
194,411.5458202,26.62676015,326.6267601,36.14563654,,,,,,,,
195,370.1857043,67.98687605,367.986876,38.36596805,,,,,,,,
196,418.0702422,20.1023381,320.1023381,35.78280806,,,,,,,,
197,420.1895864,17.9829939,317.9829939,35.66415533,,,,,,,,
198,362.5620542,75.61052614,375.6105261,38.76134807,,,,,,,,
199,404.0917649,34.08081541,334.0808154,36.55575552,,,,,,,,
200,519.1762781,-81.00369776,218.9963022,29.5970473,,,,,,,,
201,460.8526695,-22.68008919,277.3199108,33.30584999,,,,,,,,
202,427.439864,10.73271639,310.7327164,35.25522466,,,,,,,,
203,448.9427597,-10.77017939,289.2298206,34.01351617,,,,,,,,
204,424.913867,13.25871334,313.2587133,35.39823235,,,,,,,,
205,455.9629863,-17.79040593,282.2095941,33.59819007,,,,,,,,
206,457.6562629,-19.48368257,280.5163174,33.49724272,,,,,,,,
207,438.1932637,-0.020683328,299.9793167,34.63982198,,,,,,,,
208,372.5199005,65.65267988,365.6526799,38.24409392,,,,,,,,
209,406.1599053,32.012675,332.012675,36.44242994,,,,,,,,
210,496.755146,-58.58256563,241.4174344,31.07522707,,,,,,,,
211,386.7306866,51.44189373,351.4418937,37.49356711,,,,,,,,
212,477.4519903,-39.27940998,260.72059,32.29368917,,,,,,,,
213,468.6632318,-30.49065144,269.5093486,32.83347978,,,,,,,,
214,454.7771176,-16.60453729,283.3954627,33.66870729,,,,,,,,
215,405.5523283,32.62025201,332.620252,36.47575918,,,,,,,,
216,556.5746353,-118.402055,181.597945,26.95165635,,,,,,,,
217,418.9192299,19.25335047,319.2533505,35.73532429,,,,,,,,
218,472.5940892,-34.42150887,265.5784911,32.59315825,,,,,,,,
219,405.539851,32.63272931,332.6327293,36.47644332,,,,,,,,
220,370.8778479,67.29473241,367.2947324,38.32986994,,,,,,,,
221,416.93496,21.2376203,321.2376203,35.84620595,,,,,,,,
222,501.8064073,-63.63382699,236.366173,30.74840959,,,,,,,,
223,530.0403788,-91.8677985,208.1322015,28.85357527,,,,,,,,
224,420.2048056,17.96777476,317.9677748,35.66330185,,,,,,,,
225,477.5662092,-39.39362888,260.6063711,32.28661463,,,,,,,,
226,438.3125352,-0.139954847,299.8600452,34.63293491,,,,,,,,
227,446.6359556,-8.463375284,291.5366247,34.14888723,,,,,,,,
228,420.8419225,17.33065788,317.3306579,35.62755439,,,,,,,,
229,487.6398226,-49.46724221,250.5327578,31.65645323,,,,,,,,
230,482.4053548,-44.23277449,255.7672255,31.98544829,,,,,,,,
231,430.5523953,7.620185066,307.6201851,35.07820891,,,,,,,,
232,369.4304402,68.7421401,368.7421401,38.40531943,,,,,,,,
233,440.7965524,-2.623972053,297.3760279,34.48918833,,,,,,,,
234,423.6984319,14.47414846,314.4741485,35.46683795,,,,,,,,
235,430.0810249,8.091555472,308.0915555,35.10507402,,,,,,,,
236,485.4927965,-47.32021617,252.6797838,31.79180925,,,,,,,,
237,420.3685285,17.80405187,317.8040519,35.65411908,,,,,,,,
238,478.5364239,-40.36384354,259.6361565,32.22645847,,,,,,,,
239,457.1298113,-18.957231,281.042769,33.52866052,,,,,,,,
240,449.2870989,-11.1145186,288.8854814,33.99326294,,,,,,,,
241,420.2210459,17.95153444,317.9515344,35.66239108,,,,,,,,
242,468.2761362,-30.10355582,269.8964442,32.85705064,,,,,,,,
243,410.9266222,27.24595817,327.2459582,36.1798816,,,,,,,,
244,398.7449062,39.42767409,339.4276741,36.84712603,,,,,,,,
245,363.9079302,74.26465014,374.2646501,38.69184152,,,,,,,,
246,376.76275,61.40983033,361.4098303,38.0215639,,,,,,,,
247,472.9758349,-34.8032546,265.1967454,32.56972492,,,,,,,,
248,438.4706093,-0.298028932,299.7019711,34.62380517,,,,,,,,
249,418.8126283,19.35995205,319.359952,35.74128996,,,,,,,,
250,375.2919373,62.88064301,362.880643,38.09885263,,,,,,,,
251,398.8632858,39.30929458,339.3092946,36.84070003,,,,,,,,
252,526.5033472,-88.3307669,211.6692331,29.09771352,,,,,,,,
253,357.310248,80.86233234,380.8623323,39.03138903,,,,,,,,
254,438.0725498,0.100030583,300.1000306,34.64679094,,,,,,,,
255,359.8527997,78.31978065,378.3197806,38.90088846,,,,,,,,
256,509.3551988,-71.18261845,228.8173816,30.25342173,,,,,,,,
257,491.410013,-53.23743264,246.7625674,31.41735618,,,,,,,,
258,481.3717399,-43.19915953,256.8008405,32.05001345,,,,,,,,
259,434.3568708,3.815709548,303.8157095,34.86062016,,,,,,,,
260,366.2486698,71.92391058,371.9239106,38.57065779,,,,,,,,
261,366.9957272,71.17685316,371.1768532,38.53190123,,,,,,,,
262,362.4732692,75.69931112,375.6993111,38.76592891,,,,,,,,
263,443.7100395,-5.537459185,294.4625408,34.31982173,,,,,,,,
264,408.3216351,29.85094525,329.8509453,36.32359813,,,,,,,,
265,439.9284223,-1.755841941,298.2441581,34.5394938,,,,,,,,
266,515.4040852,-77.23150481,222.7684952,29.85086231,,,,,,,,
267,439.614718,-1.442137619,298.5578624,34.55765399,,,,,,,,
268,475.7612619,-37.58868158,262.4113184,32.39822948,,,,,,,,
269,430.3610801,7.811500217,307.8115002,35.08911513,,,,,,,,
270,414.3633756,23.80920474,323.8092047,35.9893987,,,,,,,,
271,401.8936161,36.27896421,336.2789642,36.67582115,,,,,,,,
272,484.1956932,-46.02311283,253.9768872,31.87330464,,,,,,,,
273,451.0862776,-12.91369731,287.0863027,33.8872426,,,,,,,,
274,391.7225244,46.4500559,346.4500559,37.22633777,,,,,,,,
275,528.8190308,-90.64645042,209.3535496,28.93810979,,,,,,,,
276,417.7633025,20.40927786,320.4092779,35.79995966,,,,,,,,
277,407.8466653,30.32591503,330.325915,36.34974085,,,,,,,,
278,383.1237593,55.04882107,355.0488211,37.68547843,,,,,,,,
279,441.7940193,-3.621438943,296.3785611,34.43129745,,,,,,,,
280,396.1812489,41.99133149,341.9913315,36.98601528,,,,,,,,
281,448.5688453,-10.39626499,289.603735,34.0354953,,,,,,,,
282,401.9680172,36.20456314,336.2045631,36.6717637,,,,,,,,
283,420.1601768,18.01240355,318.0124036,35.66580455,,,,,,,,
284,382.3173902,55.85519018,355.8551902,37.72824884,,,,,,,,
285,435.6755815,2.496998851,302.4969989,34.78488171,,,,,,,,
286,450.0535131,-11.88093275,288.1190672,33.94814088,,,,,,,,
287,463.2703193,-25.09773897,274.902261,33.1603535,,,,,,,,
288,424.222051,13.95052931,313.9505293,35.43729839,,,,,,,,
289,488.8696178,-50.69703748,249.3029625,31.57866131,,,,,,,,
290,415.0262214,23.14635899,323.146359,35.95254422,,,,,,,,
291,341.8392181,96.33336227,396.3333623,39.81624604,,,,,,,,
292,423.4331521,14.73942821,314.7394282,35.4817941,,,,,,,,
293,437.8418917,0.330688631,300.3306886,34.66010321,,,,,,,,
294,381.6251369,56.54744347,356.5474435,37.76492783,,,,,,,,
295,429.8172844,8.355295984,308.355296,35.12009658,,,,,,,,
296,445.3326977,-7.160117309,292.8398827,34.22513011,,,,,,,,
297,512.783138,-74.61055767,225.3894423,30.0259516,,,,,,,,
298,443.7142645,-5.541684125,294.4583159,34.31957551,,,,,,,,
299,446.5712196,-8.398639306,291.6013607,34.15267841,,,,,,,,
300,415.765147,22.40743331,322.4074333,35.91141508,,,,,,,,
301,362.4064048,75.76617558,375.7661756,38.76937841,,,,,,,,
302,398.9817283,39.19085208,339.1908521,36.83426948,,,,,,,,
303,452.386953,-14.21437265,285.7856274,33.81039055,,,,,,,,
304,480.8734557,-42.70087532,257.2991247,32.08109254,,,,,,,,
305,429.443633,8.728947295,308.7289473,35.14136863,,,,,,,,
306,380.3986564,57.77392393,357.7739239,37.82982548,,,,,,,,
307,367.9596911,70.21288926,370.2128893,38.48183412,,,,,,,,
308,411.7594421,26.41313826,326.4131383,36.13381454,,,,,,,,
309,464.3690366,-26.19645627,273.8035437,33.09402023,,,,,,,,
310,448.428235,-10.25565465,289.7443453,34.04375686,,,,,,,,
311,444.2298208,-6.057240408,293.9427596,34.28951791,,,,,,,,
312,440.0728923,-1.90031194,298.0996881,34.53112729,,,,,,,,
313,389.0455355,49.12704483,349.1270448,37.36988332,,,,,,,,
314,410.7215262,27.45105413,327.4510541,36.19121739,,,,,,,,
315,507.7577364,-69.5851561,230.4148439,30.35884345,,,,,,,,
316,458.6027234,-20.43014308,279.5698569,33.44068522,,,,,,,,
317,441.1635026,-2.990922302,297.0090777,34.46790262,,,,,,,,
318,406.7521785,31.42040187,331.4204019,36.40991084,,,,,,,,
319,490.8988052,-52.72622487,247.2737751,31.44988236,,,,,,,,
320,373.5794726,64.5931077,364.5931077,38.18864269,,,,,,,,
321,369.5008209,68.67175944,368.6717594,38.4016541,,,,,,,,
322,414.4890482,23.68353218,323.6835322,35.98241416,,,,,,,,
323,432.7024032,5.470177161,305.4701772,34.95541029,,,,,,,,
324,494.2250103,-56.05242997,243.94757,31.23764204,,,,,,,,
325,410.8659341,27.30664621,327.3066462,36.18323624,,,,,,,,
326,367.0891824,71.08339795,371.0833979,38.52705013,,,,,,,,
327,422.9127722,15.25980814,315.2598081,35.51111421,,,,,,,,
328,464.3604191,-26.18783877,273.8121612,33.09454101,,,,,,,,
329,426.8429986,11.32958172,311.3295817,35.28906809,,,,,,,,
330,425.4847548,12.68782555,312.6878255,35.36596248,,,,,,,,
331,439.7949363,-1.622355971,298.377644,34.54722241,,,,,,,,
332,475.5042105,-37.33163017,262.6683698,32.41409384,,,,,,,,
333,435.4528159,2.719764488,302.7197645,34.79768754,,,,,,,,
334,390.1772169,47.99536344,347.9953634,37.30926767,,,,,,,,
335,468.1254257,-29.9528454,270.0471546,32.86622306,,,,,,,,
336,452.4014224,-14.22884201,285.771158,33.80953463,,,,,,,,
337,375.731274,62.44130632,362.4413063,38.07578266,,,,,,,,
338,421.0069373,17.16564303,317.165643,35.61828985,,,,,,,,
339,418.7857659,19.38681441,319.3868144,35.74279309,,,,,,,,
340,466.0823889,-27.90980854,272.0901915,32.99031321,,,,,,,,
341,502.8162397,-64.64365934,235.3563407,30.68265573,,,,,,,,
342,452.8811149,-14.70853452,285.2914655,33.78114655,,,,,,,,
343,394.4700549,43.70252547,343.7025255,37.07843176,,,,,,,,
344,494.4042888,-56.23170843,243.7682916,31.22616157,,,,,,,,
345,375.539866,62.63271437,362.6327144,38.08583539,,,,,,,,
346,468.2865388,-30.11395847,269.8860415,32.85641743,,,,,,,,
347,438.161329,0.011251381,300.0112514,34.64166574,,,,,,,,
348,490.1212258,-51.94864545,248.0513546,31.49929234,,,,,,,,
349,447.7929904,-9.620410087,290.3795899,34.08105573,,,,,,,,
350,411.9879877,26.18459263,326.1845926,36.12116236,,,,,,,,
351,430.6011674,7.571412901,307.5714129,35.07542803,,,,,,,,
352,442.5975802,-4.424999892,295.5750001,34.38458958,,,,,,,,
353,428.7936396,9.378940792,309.3789408,35.17834225,,,,,,,,
354,393.3167944,44.85578595,344.855786,37.14058621,,,,,,,,
355,365.0439387,73.12864163,373.1286416,38.63307607,,,,,,,,
356,416.2078604,21.9647199,321.9647199,35.88675075,,,,,,,,
357,394.7192498,43.45333057,343.4533306,37.06498782,,,,,,,,
358,387.4598251,50.7127552,350.7127552,37.45465286,,,,,,,,
359,402.9223646,35.25021571,335.2502157,36.61967863,,,,,,,,
360,416.0306836,22.14189672,322.1418967,35.89662361,,,,,,,,
361,522.191769,-84.0191887,215.9808113,29.39257126,,,,,,,,
362,431.4999603,6.672620082,306.6726201,35.02414139,,,,,,,,
363,458.64432,-20.47173965,279.5282604,33.43819734,,,,,,,,
364,419.5366723,18.63590803,318.635908,35.70075114,,,,,,,,
365,482.4494917,-44.27691135,255.7230886,31.98268836,,,,,,,,
366,385.4880025,52.68457786,352.6845779,37.55979648,,,,,,,,
367,521.2786049,-83.1060246,216.8939754,29.45464143,,,,,,,,
368,379.36335,58.8092303,358.8092303,37.88452087,,,,,,,,
369,457.6569388,-19.48435844,280.5156416,33.49720236,,,,,,,,
370,431.9246498,6.247930581,306.2479306,34.99988175,,,,,,,,
371,508.6609003,-70.48831994,229.5116801,30.2992858,,,,,,,,
372,489.7649893,-51.59240898,248.407591,31.52190293,,,,,,,,
373,463.7285675,-25.55598713,274.4440129,33.13270365,,,,,,,,
374,440.0744716,-1.901891231,298.0981088,34.53103582,,,,,,,,
375,394.0642127,44.1083676,344.1083676,37.10031631,,,,,,,,
376,461.4749191,-23.30233876,276.6976612,33.26846322,,,,,,,,
377,370.5353684,67.6372119,367.6372119,38.34773589,,,,,,,,
378,459.8742588,-21.70167844,278.2983216,33.36455134,,,,,,,,
379,449.155892,-10.98331164,289.0166884,34.00098165,,,,,,,,
380,531.3996885,-93.22710813,206.7728919,28.7591997,,,,,,,,
381,495.1288755,-56.95629511,243.0437049,31.17971808,,,,,,,,
382,447.2076962,-9.035115841,290.9648842,34.11538563,,,,,,,,
383,467.5592623,-29.38668193,270.6133181,32.90065763,,,,,,,,
384,400.5423231,37.63025727,337.6302573,36.74943577,,,,,,,,
385,517.2926077,-79.12002737,220.8799726,29.72406248,,,,,,,,
386,415.9900279,22.18255241,322.1825524,35.8988887,,,,,,,,
387,461.5644161,-23.39183577,276.6081642,33.26308249,,,,,,,,
388,423.7941278,14.3784525,314.3784525,35.46144117,,,,,,,,
389,341.3573918,96.8151885,396.8151885,39.84044119,,,,,,,,
390,578.9480563,-140.775476,159.224524,25.23684006,,,,,,,,
391,402.5344777,35.63810262,335.6381026,36.64085712,,,,,,,,
392,402.0185125,36.1540678,336.1540678,36.66900968,,,,,,,,
393,432.798472,5.374108307,305.3741083,34.94991321,,,,,,,,
394,456.1928469,-18.02026653,281.9797335,33.58450437,,,,,,,,
395,489.3290365,-51.15645619,248.8435438,31.54955111,,,,,,,,
396,446.6459576,-8.473377283,291.5266227,34.14830143,,,,,,,,
397,419.5232526,18.6493277,318.6493277,35.70150292,,,,,,,,
398,411.6354477,26.53713265,326.5371327,36.14067695,,,,,,,,
399,413.1216039,25.05097644,325.0509764,36.05834031,,,,,,,,
400,533.9331142,-95.76053386,204.2394661,28.58247478,,,,,,,,
401,403.3145093,34.858071,334.858071,36.5982552,,,,,,,,
402,356.2702759,81.90230447,381.9023045,39.08464171,,,,,,,,
403,378.8132971,59.35928321,359.3592832,37.91354814,,,,,,,,
404,473.7612985,-35.58871817,264.4112818,32.52145641,,,,,,,,
405,402.6981461,35.47443421,335.4744342,36.63192237,,,,,,,,
406,414.040602,24.13197831,324.1319783,36.00733138,,,,,,,,
407,495.0771337,-56.90455336,243.0954466,31.18303684,,,,,,,,
408,446.032242,-7.859661632,292.1403384,34.18422668,,,,,,,,
409,417.8288833,20.34369704,320.343697,35.79629573,,,,,,,,
410,353.8836728,84.28890758,384.2889076,39.20657637,,,,,,,,
411,418.9111179,19.26146245,319.2614624,35.73577829,,,,,,,,
412,448.6035708,-10.43099046,289.5690095,34.03345469,,,,,,,,
413,442.4549972,-4.282416848,295.7175832,34.392882,,,,,,,,
414,451.8953127,-13.72273241,286.2772676,33.83946026,,,,,,,,
415,389.3772244,48.79535591,348.7953559,37.35212743,,,,,,,,
416,471.0031594,-32.83057902,267.169421,32.69063603,,,,,,,,
417,397.2029223,40.96965806,340.9696581,36.93072748,,,,,,,,
418,481.9017826,-43.72920224,256.2707978,32.01692039,,,,,,,,
419,511.0943606,-72.92178026,227.0782197,30.13822953,,,,,,,,
420,479.5545779,-41.38199755,258.6180024,32.16320895,,,,,,,,
421,460.5184624,-22.34588205,277.654118,33.32591292,,,,,,,,
422,416.8125175,21.36006285,321.3600628,35.85303685,,,,,,,,
423,412.3229283,25.84965206,325.8496521,36.10261221,,,,,,,,
424,385.863458,52.30912235,352.3091224,37.53979874,,,,,,,,
425,440.7380354,-2.565455025,297.434545,34.49258152,,,,,,,,
426,459.5566368,-21.38405646,278.6159435,33.3835854,,,,,,,,
427,432.743621,5.428959321,305.4289593,34.9530519,,,,,,,,
428,419.2155132,18.95706711,318.9570671,35.71873834,,,,,,,,
429,424.53634,13.6362403,313.6362403,35.4195562,,,,,,,,
430,379.643142,58.5294383,358.5294383,37.8697472,,,,,,,,
431,468.8616208,-30.68904046,269.3109595,32.821393,,,,,,,,
432,452.3744473,-14.20186697,285.798133,33.8111303,,,,,,,,
433,503.7682033,-65.59562299,234.404377,30.62054062,,,,,,,,
434,456.9502324,-18.77765203,281.222348,33.53937077,,,,,,,,
435,457.1113669,-18.93878652,281.0612135,33.52976072,,,,,,,,
436,453.7234536,-15.55087328,284.4491267,33.73123933,,,,,,,,
437,400.608781,37.56379931,337.5637993,36.74581877,,,,,,,,
438,412.8193936,25.35318669,325.3531867,36.07509871,,,,,,,,
439,452.5771961,-14.40461579,285.5953842,33.79913515,,,,,,,,
440,380.363994,57.80858639,357.8085864,37.83165798,,,,,,,,
441,374.1761883,63.99639203,363.996392,38.15737895,,,,,,,,
442,476.1645505,-37.99197016,262.0080298,32.37332419,,,,,,,,
443,383.9665915,54.20598884,354.2059888,37.64072204,,,,,,,,
444,378.1782588,59.99432152,359.9943215,37.94703264,,,,,,,,
445,407.5919945,30.58058588,330.5805859,36.3637504,,,,,,,,
446,453.3820538,-15.20947347,284.7905265,33.75147561,,,,,,,,
447,404.2082418,33.96433856,333.9643386,36.54938241,,,,,,,,
448,518.2767967,-80.10421633,219.8957837,29.65776685,,,,,,,,
449,341.6844786,96.48810177,396.4881018,39.82401797,,,,,,,,
450,468.5346334,-30.36205305,269.637947,32.84131221,,,,,,,,
451,423.4788259,14.69375441,314.6937544,35.47921952,,,,,,,,
452,438.4365181,-0.263937743,299.7360623,34.62577435,,,,,,,,
453,459.1855537,-21.01297334,278.9870267,33.40580947,,,,,,,,
454,528.47153,-90.2989497,209.7010503,28.96211666,,,,,,,,
455,399.3671106,38.80546973,338.8054697,36.81333833,,,,,,,,
456,481.3757586,-43.20317827,256.7968217,32.04976267,,,,,,,,
457,457.6361899,-19.46360955,280.5363905,33.49844118,,,,,,,,
458,416.2759761,21.89660419,321.8966042,35.8829544,,,,,,,,
459,427.3646116,10.80796873,310.8079687,35.2594934,,,,,,,,
460,410.5493296,27.6232507,327.6232507,36.20073208,,,,,,,,
461,422.6600777,15.51250264,315.5125026,35.52534322,,,,,,,,
462,402.6643593,35.50822106,335.5082211,36.633767,,,,,,,,
463,390.3164658,47.85611458,347.8561146,37.30180235,,,,,,,,
464,460.5165514,-22.34397106,277.6560289,33.3260276,,,,,,,,
465,420.1001659,18.07241447,318.0724145,35.66916957,,,,,,,,
466,431.0388973,7.133683078,307.1336831,35.0504598,,,,,,,,
467,407.4065661,30.76601429,330.7660143,36.37394751,,,,,,,,
468,385.3067945,52.86578588,352.8657859,37.56944428,,,,,,,,
469,500.3753591,-62.2027788,237.7972212,30.84135024,,,,,,,,
470,446.4935248,-8.320944492,291.6790555,34.15722796,,,,,,,,
471,483.9875891,-45.81500878,254.1849912,31.88636017,,,,,,,,
472,398.1835187,39.9890616,339.9890616,36.87758461,,,,,,,,
473,437.5478027,0.624777662,300.6247777,34.67706895,,,,,,,,
474,417.3631952,20.8093851,320.8093851,35.82230507,,,,,,,,
475,468.5580554,-30.38547505,269.6145249,32.83988581,,,,,,,,
476,537.9793899,-99.80680959,200.1931904,28.29792857,,,,,,,,
477,375.3320371,62.84054328,362.8405433,38.09674754,,,,,,,,
478,422.0092198,16.16336053,316.1633605,35.56196623,,,,,,,,
479,443.7148925,-5.54231218,294.4576878,34.31953891,,,,,,,,
480,401.0270372,37.14554313,337.1455431,36.72304689,,,,,,,,
481,452.1925546,-14.01997429,285.9800257,33.82188793,,,,,,,,
482,481.6666784,-43.49409804,256.505902,32.03160327,,,,,,,,
483,404.8356951,33.3368852,333.3368852,36.51503171,,,,,,,,
484,457.8219958,-19.64941544,280.3505846,33.48734594,,,,,,,,
485,421.4122817,16.76029863,316.7602986,35.59552211,,,,,,,,
486,436.4711658,1.701414517,301.7014145,34.73910848,,,,,,,,
487,445.5219071,-7.349326721,292.6506733,34.21407157,,,,,,,,
488,434.360365,3.81221539,303.8122154,34.8604197,,,,,,,,
489,441.7551334,-3.582553037,296.417447,34.43355613,,,,,,,,
490,374.4977157,63.67486469,363.6748647,38.14052253,,,,,,,,
491,369.9732645,68.19931581,368.1993158,38.37704083,,,,,,,,
492,443.2901921,-5.117611713,294.8823883,34.34427977,,,,,,,,
493,422.8089625,15.36361788,315.3636179,35.51696034,,,,,,,,
494,448.5934868,-10.4209065,289.5790935,34.03404728,,,,,,,,
495,441.2176073,-3.045026936,296.9549731,34.46476305,,,,,,,,
496,454.9348067,-16.76222631,283.2377737,33.65933889,,,,,,,,
497,472.1117838,-33.93920343,266.0607966,32.62274032,,,,,,,,
498,466.2641773,-28.09159696,271.908403,32.97929066,,,,,,,,
499,443.7884689,-5.61588857,294.3841114,34.31525092,,,,,,,,
500,382.3424855,55.83009486,355.8300949,37.7269185,,,,,,,,
501,461.9828213,-23.81024095,276.189759,33.23791564,,,,,,,,
502,447.0569749,-8.88439456,291.1156054,34.12422046,,,,,,,,
503,465.1316064,-26.95902608,273.0409739,33.04790305,,,,,,,,
504,449.9240597,-11.75147933,288.2485207,33.95576656,,,,,,,,
505,439.6931094,-1.520529028,298.479471,34.55311685,,,,,,,,
506,440.6252784,-2.452698035,297.547302,34.49911894,,,,,,,,
507,426.4784941,11.69408626,311.6940863,35.30972026,,,,,,,,
508,407.2802677,30.89231267,330.8923127,36.38089129,,,,,,,,
509,426.0190371,12.15354321,312.1535432,35.33573507,,,,,,,,
510,374.4830531,63.68952726,363.6895273,38.14129139,,,,,,,,
511,465.9037458,-27.73116544,272.2688346,33.00114147,,,,,,,,
512,489.1669765,-50.99439611,249.0056039,31.55982281,,,,,,,,
513,335.6237451,102.5488353,402.5488353,40.12723939,,,,,,,,
514,483.6065869,-45.43400652,254.5659935,31.91024873,,,,,,,,
515,433.6332983,4.539282039,304.539282,34.90210779,,,,,,,,
516,390.4970364,47.67554395,347.6755439,37.29211949,,,,,,,,
517,448.4557543,-10.283174,289.716826,34.04214012,,,,,,,,
518,423.0969985,15.07558185,315.0755818,35.500737,,,,,,,,
519,429.4401332,8.732447118,308.7324471,35.14156781,,,,,,,,
520,374.5175763,63.65500408,363.6550041,38.13948107,,,,,,,,
521,437.3435305,0.82904983,300.8290498,34.68884834,,,,,,,,
522,395.4256453,42.74693503,342.746935,37.02685161,,,,,,,,
523,429.1828845,8.989695884,308.9896959,35.15620548,,,,,,,,
524,447.7903019,-9.617721513,290.3822785,34.0812135,,,,,,,,
525,395.9044451,42.26813528,342.2681353,37.00098027,,,,,,,,
526,461.4402531,-23.26767276,276.7323272,33.27054717,,,,,,,,
527,474.2940947,-36.12151438,263.8784856,32.48867406,,,,,,,,
528,414.4291144,23.74346593,323.7434659,35.98574528,,,,,,,,
529,449.2010198,-11.02843948,288.9715605,33.99832705,,,,,,,,
530,488.2902583,-50.11767799,249.882322,31.61533312,,,,,,,,
531,453.9365871,-15.76400674,284.2359933,33.71859981,,,,,,,,
532,398.6254033,39.54717706,339.5471771,36.85361188,,,,,,,,
533,475.2116056,-37.03902529,262.9609747,32.43214299,,,,,,,,
534,382.2745111,55.89806921,355.8980692,37.73052182,,,,,,,,
535,373.1036113,65.06896907,365.0689691,38.21355618,,,,,,,,
536,454.3800548,-16.20747443,283.7925256,33.6922855,,,,,,,,
537,472.1949778,-34.0223975,265.9776025,32.61763955,,,,,,,,
538,423.6760398,14.49654053,314.4965405,35.46810063,,,,,,,,
539,451.4866591,-13.31407874,286.6859213,33.86360414,,,,,,,,
540,386.9273727,51.24520763,351.2452076,37.48307392,,,,,,,,
541,516.1760341,-78.0034538,221.9965462,29.79909705,,,,,,,,
542,466.4023214,-28.22974102,271.770259,32.97091197,,,,,,,,
543,428.2862659,9.886314426,309.8863144,35.20717622,,,,,,,,
544,487.7242853,-49.55170492,250.4482951,31.65111657,,,,,,,,
545,415.4870262,22.68555412,322.6855541,35.92690101,,,,,,,,
546,464.7651292,-26.59254881,273.4074512,33.07007416,,,,,,,,
547,387.3447283,50.82785208,350.8278521,37.46079829,,,,,,,,
548,419.1056932,19.06688719,319.0668872,35.72488697,,,,,,,,
549,440.4478983,-2.275317967,297.724682,34.50940058,,,,,,,,
550,427.5134233,10.65915705,310.6591571,35.25105145,,,,,,,,
551,375.6465831,62.52599724,362.5259972,38.08023095,,,,,,,,
552,368.9220924,69.25048796,369.250488,38.43178309,,,,,,,,
553,441.3243051,-3.151724715,296.8482753,34.45857079,,,,,,,,
554,480.106598,-41.93401769,258.0659823,32.12886443,,,,,,,,
555,416.4711022,21.7014781,321.7014781,35.87207706,,,,,,,,
556,479.1839389,-41.01135859,258.9886414,32.18624808,,,,,,,,
557,382.623752,55.54882834,355.5488283,37.7120049,,,,,,,,
558,396.2992392,41.87334116,341.8733412,36.97963446,,,,,,,,
559,409.0583397,29.11424069,329.1142407,36.28301204,,,,,,,,
560,450.0364176,-11.86383727,288.1361627,33.94914801,,,,,,,,
561,356.4308928,81.74168753,381.7416875,39.07642192,,,,,,,,
562,372.4645632,65.70801714,365.7080171,38.24698771,,,,,,,,
563,403.0773959,35.09518442,335.0951844,36.61121055,,,,,,,,
564,491.6397495,-53.46716911,246.5328309,31.40272796,,,,,,,,
565,368.6996081,69.4729722,369.4729722,38.44335949,,,,,,,,
566,446.9212531,-8.74867271,291.2513273,34.13217411,,,,,,,,
567,506.9046825,-68.73210215,231.2678978,30.41498958,,,,,,,,
568,472.5700383,-34.397458,265.602542,32.59463404,,,,,,,,
569,385.2214737,52.9511066,352.9511066,37.57398603,,,,,,,,
570,473.0667223,-34.894142,265.105858,32.56414335,,,,,,,,
571,409.3269098,28.84567057,328.8456706,36.26820484,,,,,,,,
572,428.8335998,9.338980509,309.3389805,35.1760703,,,,,,,,
573,396.1038834,42.06869693,342.0686969,36.99019854,,,,,,,,
574,492.440292,-54.26771163,245.7322884,31.35170097,,,,,,,,
575,472.9229259,-34.75034561,265.2496544,32.57297373,,,,,,,,
576,482.730143,-44.55756266,255.4424373,31.96513334,,,,,,,,
577,419.8693581,18.30322221,318.3032222,35.68210881,,,,,,,,
578,400.3265799,37.84600049,337.8460005,36.7611752,,,,,,,,
579,446.443886,-8.27130561,291.7286944,34.16013433,,,,,,,,
580,372.1440473,66.02853302,366.028533,38.26374436,,,,,,,,
581,440.758386,-2.58580568,297.4141943,34.4914015,,,,,,,,
582,375.8090586,62.36352177,362.3635218,38.07169667,,,,,,,,
583,452.3542085,-14.18162816,285.8183718,33.81232745,,,,,,,,
584,379.2191197,58.95346061,358.9534606,37.89213431,,,,,,,,
585,378.0742174,60.09836293,360.0983629,37.95251575,,,,,,,,
586,425.6477687,12.52481165,312.5248116,35.35674259,,,,,,,,
587,472.0146798,-33.84209947,266.1579005,32.62869293,,,,,,,,
588,476.3791219,-38.20654158,261.7934584,32.36006542,,,,,,,,
589,421.7728913,16.39968903,316.399689,35.57525483,,,,,,,,
590,453.203613,-15.03103261,284.9689674,33.76204777,,,,,,,,
591,397.3736522,40.79892813,340.7989281,36.92148037,,,,,,,,
592,441.5335349,-3.360954597,296.6390454,34.4464248,,,,,,,,
593,444.3536833,-6.181102957,293.818897,34.28229263,,,,,,,,
594,485.7706932,-47.59811286,252.4018871,31.77432216,,,,,,,,
595,412.5511981,25.62138227,325.6213823,36.08996438,,,,,,,,
596,483.3394787,-45.16689831,254.8331017,31.92698556,,,,,,,,
597,415.4793169,22.69326344,322.6932634,35.92733018,,,,,,,,
598,420.1981514,17.9744289,317.9744289,35.66367502,,,,,,,,
599,458.487965,-20.31538465,279.6846154,33.44754791,,,,,,,,
600,433.8495381,4.323042254,304.3230423,34.88971437,,,,,,,,
601,409.0386167,29.13396363,329.1339636,36.2840992,,,,,,,,
602,490.4550217,-52.28244131,247.7175587,31.47809135,,,,,,,,
603,471.6442492,-33.47166885,266.5283312,32.65139085,,,,,,,,
604,460.2226988,-22.05011845,277.9498815,33.34365796,,,,,,,,
605,400.215898,37.95668236,337.9566824,36.76719638,,,,,,,,
606,363.2320709,74.94050948,374.9405095,38.72676126,,,,,,,,
607,394.2323666,43.9402137,343.9402137,37.09125038,,,,,,,,
608,422.1970156,15.97556478,315.9755648,35.55140305,,,,,,,,
609,433.7700981,4.402482214,304.4024822,34.89426785,,,,,,,,
610,422.1862261,15.98635429,315.9863543,35.55201003,,,,,,,,
611,505.199722,-67.02714164,232.9728584,30.52689689,,,,,,,,
612,452.0336548,-13.86107444,286.1389256,33.83128289,,,,,,,,
613,470.1994104,-32.02683008,267.9731699,32.73977214,,,,,,,,
614,448.1147427,-9.942162342,290.0578377,34.06216891,,,,,,,,
615,445.9651966,-7.79261621,292.2073838,34.18814905,,,,,,,,
616,390.5384089,47.63417146,347.6341715,37.28990059,,,,,,,,
617,428.4750067,9.697573617,309.6975736,35.19645287,,,,,,,,
618,439.3601603,-1.187579991,298.81242,34.5723832,,,,,,,,
619,415.2310659,22.94151449,322.9415145,35.94114714,,,,,,,,
620,448.1786098,-10.00602948,289.9939705,34.05841867,,,,,,,,
621,391.6591684,46.51341191,346.5134119,37.22974144,,,,,,,,
622,440.9561978,-2.783617427,297.2163826,34.47992938,,,,,,,,
623,498.248354,-60.07577366,239.9242263,30.97897521,,,,,,,,
624,496.7948787,-58.62229837,241.3777016,31.07266977,,,,,,,,
625,488.2059119,-50.03333153,249.9666685,31.62066846,,,,,,,,
626,450.5285208,-12.35594043,287.6440596,33.92014502,,,,,,,,
627,530.0080718,-91.83549148,208.1645085,28.85581456,,,,,,,,
628,406.3647456,31.80783472,331.8078347,36.43118635,,,,,,,,
629,407.0103884,31.16219196,331.162192,36.39572458,,,,,,,,
630,506.1358078,-67.9632275,232.0367725,30.46550656,,,,,,,,
631,460.2279844,-22.0554041,277.9445959,33.34334092,,,,,,,,
632,446.1366591,-7.964078727,292.0359213,34.17811705,,,,,,,,
633,452.9468558,-14.77427545,285.2257246,33.77725415,,,,,,,,
634,418.0464645,20.12611586,320.1261159,35.78413704,,,,,,,,
635,431.7038736,6.468706711,306.4687067,35.0124953,,,,,,,,
636,441.1293205,-2.956740163,297.0432598,34.46988598,,,,,,,,
637,417.1941171,20.97846325,320.9784633,35.83174365,,,,,,,,
638,460.1082656,-21.93568526,278.0643147,33.35052112,,,,,,,,
639,494.825713,-56.65313266,243.3468673,31.19915815,,,,,,,,
640,419.5743643,18.59821602,318.598216,35.69863953,,,,,,,,
641,438.1009021,0.071678231,300.0716782,34.64515425,,,,,,,,
642,523.8599548,-85.6873745,214.3126255,29.27884052,,,,,,,,
643,444.1611498,-5.988569502,294.0114305,34.29352303,,,,,,,,
644,457.825117,-19.65253667,280.3474633,33.48715953,,,,,,,,
645,419.1802114,18.99236895,318.992369,35.72071494,,,,,,,,
646,467.819911,-29.64733067,270.3526693,32.88480922,,,,,,,,
647,476.450487,-38.27790665,261.7220933,32.35565443,,,,,,,,
648,442.7466707,-4.574090316,295.4259097,34.37591655,,,,,,,,
649,467.8596216,-29.68704121,270.3129588,32.882394,,,,,,,,
650,491.8227234,-53.65014306,246.3498569,31.39107242,,,,,,,,
651,375.0946703,63.07791005,363.0779101,38.10920676,,,,,,,,
652,399.0409965,39.13158386,339.1315839,36.83105124,,,,,,,,
653,408.4781478,29.69443253,329.6944325,36.31497942,,,,,,,,
654,448.1661412,-9.993560857,290.0064391,34.05915085,,,,,,,,
655,451.5296967,-13.35711632,286.6428837,33.86106222,,,,,,,,
656,454.79839,-16.6258097,283.3741903,33.66744364,,,,,,,,
657,446.4685579,-8.295977591,291.7040224,34.15868981,,,,,,,,
658,404.5973849,33.5751954,333.5751954,36.5280821,,,,,,,,
659,483.1592668,-44.9866865,255.0133135,31.93827256,,,,,,,,
660,417.4597401,20.71284021,320.7128402,35.81691445,,,,,,,,
661,391.4264161,46.74616424,346.7461642,37.24224291,,,,,,,,
662,418.6493015,19.52327884,319.5232788,35.75042818,,,,,,,,
663,448.2278999,-10.05531951,289.9446805,34.0555241,,,,,,,,
664,438.7815355,-0.608955205,299.3910448,34.60584025,,,,,,,,
665,443.1272652,-4.95468489,295.0453151,34.35376632,,,,,,,,
666,403.2008464,34.9717339,334.9717339,36.60446606,,,,,,,,
667,371.4109277,66.7616526,366.7616526,38.30204447,,,,,,,,
668,453.9030987,-15.73051834,284.2694817,33.7205861,,,,,,,,
669,523.6459196,-85.47333925,214.5266608,29.29345734,,,,,,,,
670,456.8464927,-18.67391237,281.3260876,33.54555635,,,,,,,,
671,420.9131444,17.25943598,317.259436,35.62355603,,,,,,,,
672,457.9633825,-19.79080219,280.2091978,33.47890069,,,,,,,,
673,435.141345,3.031235353,303.0312354,34.81558475,,,,,,,,
674,486.112917,-47.94033662,252.0596634,31.75277395,,,,,,,,
675,479.8234045,-41.65082417,258.3491758,32.1464882,,,,,,,,
676,405.8093158,32.3632645,332.3632645,36.4616656,,,,,,,,
677,454.6835808,-16.51100044,283.4889996,33.67426314,,,,,,,,
678,429.7480472,8.424533176,308.4245332,35.12403924,,,,,,,,
679,378.605749,59.56683131,359.5668313,37.92449506,,,,,,,,
680,449.843646,-11.67106566,288.3289343,33.96050261,,,,,,,,
681,446.1265818,-7.954001487,292.0459985,34.17870673,,,,,,,,
682,420.8220102,17.3505701,317.3505701,35.62867217,,,,,,,,
683,429.6113579,8.561222479,308.5612225,35.13182161,,,,,,,,
684,462.454946,-24.28236561,275.7176344,33.20949469,,,,,,,,
685,518.124884,-79.95230363,220.0476964,29.66800946,,,,,,,,
686,485.4598775,-47.28729716,252.7127028,31.79388009,,,,,,,,
687,469.9607752,-31.78819481,268.2118052,32.75434659,,,,,,,,
688,374.4488125,63.7237678,363.7237678,38.14308681,,,,,,,,
689,480.0880155,-41.91543516,258.0845648,32.13002115,,,,,,,,
690,510.9601186,-72.78753828,227.2124617,30.14713663,,,,,,,,
691,447.9247203,-9.752139937,290.2478601,34.07332447,,,,,,,,
692,476.9410562,-38.76847581,261.2315242,32.32531665,,,,,,,,
693,411.696922,26.47565839,326.4756584,36.13727485,,,,,,,,
694,424.049488,14.12309236,314.1230924,35.44703612,,,,,,,,
695,437.3019593,0.870621033,300.870621,34.69124506,,,,,,,,
696,457.0449237,-18.87234335,281.1276567,33.53372372,,,,,,,,
697,404.198644,33.9739363,333.9739363,36.5499076,,,,,,,,
698,410.0716429,28.10093741,328.1009374,36.22711346,,,,,,,,
699,483.4763232,-45.30374283,254.6962572,31.91841206,,,,,,,,
700,453.8221157,-15.64953537,284.3504646,33.72538893,,,,,,,,
701,418.867291,19.3052893,319.3052893,35.73823103,,,,,,,,
702,424.7068667,13.46571366,313.4657137,35.40992593,,,,,,,,
703,435.9606634,2.211916953,302.211917,34.76848671,,,,,,,,
704,413.2695425,24.90303786,324.9030379,36.05013386,,,,,,,,
705,468.2569605,-30.08438016,269.9156198,32.85821784,,,,,,,,
706,453.018897,-14.84631663,285.1536834,33.77298822,,,,,,,,
707,456.6302558,-18.45767545,281.5423246,33.558446,,,,,,,,
708,516.2004492,-78.02786883,221.9721312,29.79745836,,,,,,,,
709,469.8418785,-31.66929821,268.3307018,32.76160569,,,,,,,,
710,481.0061899,-42.83360956,257.1663904,32.07281655,,,,,,,,
711,434.2814451,3.891135243,303.8911352,34.86494717,,,,,,,,
712,434.8874569,3.285123481,303.2851235,34.83016644,,,,,,,,
713,467.1456391,-28.97305877,271.0269412,32.92579179,,,,,,,,
714,425.6384715,12.53410886,312.5341089,35.3572685,,,,,,,,
715,431.0340054,7.138574961,307.138575,35.05073893,,,,,,,,
716,451.1198052,-12.94722487,287.0527751,33.88526377,,,,,,,,
717,488.9676174,-50.79503701,249.204963,31.57245401,,,,,,,,
718,499.1920904,-61.0195101,238.9804899,30.91798764,,,,,,,,
719,417.6860999,20.48648047,320.4864805,35.8042724,,,,,,,,
720,381.6095425,56.56303786,356.5630379,37.76575369,,,,,,,,
721,469.4490339,-31.27645355,268.7235464,32.78557893,,,,,,,,
722,366.0645165,72.10806382,372.1080638,38.58020549,,,,,,,,
723,410.8238141,27.34876621,327.3487662,36.18556432,,,,,,,,
724,407.6531337,30.51944669,330.5194467,36.3603876,,,,,,,,
725,401.0841,37.08848032,337.0884803,36.71993901,,,,,,,,
726,404.5864525,33.58612786,333.5861279,36.52868067,,,,,,,,
727,446.1530934,-7.980513053,292.0194869,34.17715535,,,,,,,,
728,498.2798991,-60.10731877,239.8926812,30.9769386,,,,,,,,
729,435.2767874,2.895792894,302.8957929,34.80780331,,,,,,,,
730,423.4160707,14.7565096,314.7565096,35.48275692,,,,,,,,
731,433.7703171,4.40226327,304.4022633,34.8942553,,,,,,,,
732,380.2973667,57.87521369,357.8752137,37.83518012,,,,,,,,
733,417.7327203,20.43986003,320.43986,35.80166812,,,,,,,,
734,500.072791,-61.90021062,238.0997894,30.86096495,,,,,,,,
735,445.9313314,-7.75875108,292.2412489,34.19013009,,,,,,,,
736,403.6731195,34.49946083,334.4994608,36.57865284,,,,,,,,
737,380.1716404,58.00093993,358.0009399,37.84182553,,,,,,,,
738,460.6823201,-22.50973978,277.4902602,33.31607781,,,,,,,,
739,475.3151668,-37.1425865,262.8574135,32.42575603,,,,,,,,
740,452.6156997,-14.44311938,285.5568806,33.7968567,,,,,,,,
741,400.8018613,37.37071901,337.370719,36.7353083,,,,,,,,
742,401.5497525,36.62282782,336.6228278,36.69456787,,,,,,,,
743,484.2503728,-46.07779247,253.9222075,31.86987339,,,,,,,,
744,423.7773402,14.39524013,314.3952401,35.46238797,,,,,,,,
745,407.1954482,30.97713213,330.9771321,36.38555384,,,,,,,,
746,477.9526895,-39.78010918,260.2198908,32.26266516,,,,,,,,
747,410.6003388,27.57224153,327.5722415,36.19791384,,,,,,,,
748,463.9881969,-25.81561659,274.1843834,33.11702785,,,,,,,,
749,394.8600862,43.31249413,343.3124941,37.05738761,,,,,,,,
750,419.7280679,18.44451247,318.4445125,35.69002732,,,,,,,,
751,440.1725512,-1.999970831,298.0000292,34.52535469,,,,,,,,
752,434.2350974,3.937482948,303.9374829,34.86760577,,,,,,,,
753,436.7429592,1.429621096,301.4296211,34.72345726,,,,,,,,
754,407.6634689,30.50911144,330.5091114,36.35981911,,,,,,,,
755,445.4747371,-7.302156806,292.6978432,34.21682879,,,,,,,,
756,395.3198687,42.85271166,342.8527117,37.03256468,,,,,,,,
757,381.6367658,56.53581459,356.5358146,37.76431197,,,,,,,,
758,388.438538,49.73404237,349.7340424,37.40235513,,,,,,,,
759,379.2605559,58.9120244,358.9120244,37.88994718,,,,,,,,
760,421.0557843,17.11679603,317.116796,35.61554694,,,,,,,,
761,461.4465983,-23.27401793,276.7259821,33.27016574,,,,,,,,
762,422.0707948,16.10178551,316.1017855,35.55850309,,,,,,,,
763,489.9120884,-51.73950809,248.2604919,31.51256841,,,,,,,,
764,441.6076715,-3.435091163,296.5649088,34.44212008,,,,,,,,
765,450.4869276,-12.31434726,287.6856527,33.92259735,,,,,,,,
766,414.982327,23.19025335,323.1902533,35.95498593,,,,,,,,
767,423.7477738,14.42480651,314.4248065,35.46405541,,,,,,,,
768,425.6579021,12.51467825,312.5146782,35.35616938,,,,,,,,
769,468.697586,-30.52500568,269.4749943,32.83138708,,,,,,,,
770,487.5179535,-49.34537317,250.6546268,31.66415177,,,,,,,,
771,365.2396499,72.93293044,372.9329304,38.62294295,,,,,,,,
772,419.1235795,19.04900089,319.0490009,35.72388562,,,,,,,,
773,446.9190493,-8.746468921,291.2535311,34.13230324,,,,,,,,
774,467.2402973,-29.06771692,270.9322831,32.9200415,,,,,,,,
775,541.8958414,-103.723261,196.276739,28.0197601,,,,,,,,
776,437.7827515,0.389828854,300.3898289,34.66351562,,,,,,,,
777,451.2515619,-13.07898156,286.9210184,33.87748624,,,,,,,,
778,418.9436359,19.22894447,319.2289445,35.73395833,,,,,,,,
779,429.5637286,8.608851717,308.6088517,35.13453297,,,,,,,,
780,406.6291634,31.54341693,331.5434169,36.41666744,,,,,,,,
781,400.6216242,37.55095613,337.5509561,36.74511974,,,,,,,,
782,463.2249427,-25.05236233,274.9476377,33.16309019,,,,,,,,
783,470.2677215,-32.09514111,267.9048589,32.7355989,,,,,,,,
784,463.9480892,-25.77550883,274.2244912,33.11944995,,,,,,,,
785,407.0667027,31.10587765,331.1058776,36.39262989,,,,,,,,
786,452.5929817,-14.42040135,285.5795987,33.79820106,,,,,,,,
787,457.4920963,-19.31951593,280.6804841,33.50704308,,,,,,,,
788,378.3344906,59.83808974,359.8380897,37.93879754,,,,,,,,
789,457.2491825,-19.07660216,280.9233978,33.52153922,,,,,,,,
790,412.4664985,25.70608183,325.7060818,36.09465788,,,,,,,,
791,376.2619652,61.91061519,361.9106152,38.04789693,,,,,,,,
792,432.0690801,6.103500198,306.1035002,34.99162758,,,,,,,,
793,366.5629262,71.60965415,371.6096541,38.55435924,,,,,,,,
794,434.0353058,4.137274516,304.1372745,34.87906389,,,,,,,,
795,398.7452383,39.42734205,339.4273421,36.847108,,,,,,,,
796,433.192969,4.979611296,304.9796113,34.92733092,,,,,,,,
797,435.1086946,3.063885774,303.0638858,34.81746032,,,,,,,,
798,445.7651505,-7.592570175,292.4074298,34.1998497,,,,,,,,
799,484.3084699,-46.13588954,253.8641105,31.86622729,,,,,,,,
800,416.1531129,22.01946746,322.0194675,35.88980175,,,,,,,,
801,419.1344767,19.03810364,319.0381036,35.72327553,,,,,,,,
802,422.2723837,15.90019665,315.9001967,35.54716285,,,,,,,,
803,435.0409077,3.131672673,303.1316727,34.82135395,,,,,,,,
804,483.1290786,-44.95649822,255.0435018,31.94016292,,,,,,,,
805,451.2673546,-13.09477427,286.9052257,33.87655388,,,,,,,,
806,434.2989281,3.873652269,303.8736523,34.86394426,,,,,,,,
807,442.1921173,-4.019536963,295.980463,34.40816549,,,,,,,,
808,469.5025317,-31.32995141,268.6700486,32.78231527,,,,,,,,
809,500.5418755,-62.36929516,237.6307048,30.8305501,,,,,,,,
810,449.2402607,-11.06768032,288.9323197,33.99601857,,,,,,,,
811,544.7094937,-106.5369134,193.4630866,27.81820171,,,,,,,,
812,411.4543933,26.71818704,326.718187,36.15069499,,,,,,,,
813,467.5980182,-29.42543783,270.5745622,32.89830161,,,,,,,,
814,367.2079358,70.96464458,370.9646446,38.52088496,,,,,,,,
815,383.7659643,54.40661608,354.4066161,37.65138064,,,,,,,,
816,413.8918275,24.28075286,324.2807529,36.015594,,,,,,,,
817,402.5795761,35.59300419,335.5930042,36.63839539,,,,,,,,
818,431.5207273,6.651853072,306.6518531,35.0229555,,,,,,,,
819,380.3805624,57.79201794,357.7920179,37.83078207,,,,,,,,
820,442.7173091,-4.544728729,295.4552713,34.37762477,,,,,,,,
821,508.208718,-70.03613765,229.9638624,30.32911884,,,,,,,,
822,484.2884731,-46.11589279,253.8841072,31.86748231,,,,,,,,
823,493.5629581,-55.3903778,244.6096222,31.28000142,,,,,,,,
824,456.9273638,-18.75478349,281.2452165,33.54073443,,,,,,,,
825,407.8789154,30.29366497,330.293665,36.34796638,,,,,,,,
826,452.4966045,-14.32402411,285.6759759,33.80390367,,,,,,,,
827,457.4118919,-19.23931154,280.7606885,33.51183006,,,,,,,,
828,419.2245039,18.94807643,318.9480764,35.71823492,,,,,,,,
829,536.7241975,-98.55161713,201.4483829,28.38650263,,,,,,,,
830,479.1079452,-40.93536488,259.0646351,32.19096986,,,,,,,,
831,466.6332101,-28.46062975,271.5393703,32.95690339,,,,,,,,
832,453.6312061,-15.45862573,284.5413743,33.73670845,,,,,,,,
833,445.2920539,-7.11947356,292.8805264,34.22750511,,,,,,,,
834,427.3823251,10.79025522,310.7902552,35.25848864,,,,,,,,
835,500.1967943,-62.02421401,237.975786,30.85292764,,,,,,,,
836,490.3768047,-52.20422435,247.7957757,31.48306057,,,,,,,,
837,483.1683867,-44.99580639,255.0041936,31.93770146,,,,,,,,
838,411.2748433,26.89773701,326.897737,36.16062704,,,,,,,,
839,462.3602275,-24.18764716,275.8123528,33.2151985,,,,,,,,
840,465.6217905,-27.44921013,272.5507899,33.01822466,,,,,,,,
841,431.9012011,6.271379202,306.2713792,35.00122165,,,,,,,,
842,476.27304,-38.10045966,261.8995403,32.3666211,,,,,,,,
843,443.4911396,-5.318559214,294.6814408,34.33257583,,,,,,,,
844,444.6608054,-6.488225041,293.511775,34.26437071,,,,,,,,
845,435.8464438,2.32613651,302.3261365,34.77505638,,,,,,,,
846,415.0744539,23.09812644,323.0981264,35.949861,,,,,,,,
847,456.011771,-17.83919068,282.1608093,33.59528594,,,,,,,,
848,434.6599145,3.512665804,303.5126658,34.8432298,,,,,,,,
849,431.0118811,7.160699271,307.1606993,35.05200133,,,,,,,,
850,491.9223192,-53.74973888,246.2502611,31.38472629,,,,,,,,
851,464.6681587,-26.49557832,273.5044217,33.07593818,,,,,,,,
852,477.7752147,-39.60263432,260.3973657,32.27366516,,,,,,,,
853,412.9063454,25.26623494,325.2662349,36.07027779,,,,,,,,
854,473.8261129,-35.65353251,264.3464675,32.51747023,,,,,,,,
855,388.9337405,49.23883982,349.2388398,37.375866,,,,,,,,
856,465.7509344,-27.5783541,272.4216459,33.01040114,,,,,,,,
857,362.8177798,75.35480058,375.3548006,38.74815095,,,,,,,,
858,382.9061648,55.26641555,355.2664156,37.69702458,,,,,,,,
859,402.9375321,35.2350482,335.2350482,36.61885024,,,,,,,,
860,430.1507328,8.021847578,308.0218476,35.10110241,,,,,,,,
861,453.1661785,-14.99359819,285.0064018,33.76426524,,,,,,,,
862,507.9934298,-69.8208495,230.1791505,30.34331231,,,,,,,,
863,436.4132072,1.759373145,301.7593731,34.74244512,,,,,,,,
864,430.3263364,7.846243917,307.8462439,35.09109539,,,,,,,,
865,460.264162,-22.09158164,277.9084184,33.34117085,,,,,,,,
866,438.6211494,-0.448569094,299.5514309,34.61510831,,,,,,,,
867,428.7470937,9.425486687,309.4254867,35.18098843,,,,,,,,
868,433.632971,4.539609388,304.5396094,34.90212655,,,,,,,,
869,421.8986174,16.27396291,316.2739629,35.56818595,,,,,,,,
870,382.7204497,55.45213067,355.4521307,37.70687633,,,,,,,,
871,428.8357179,9.336862435,309.3368624,35.17594988,,,,,,,,
872,487.6949321,-49.52235174,250.4776483,31.65297131,,,,,,,,
873,453.2692359,-15.09665552,284.9033445,33.75816017,,,,,,,,
874,360.5200156,77.65256478,377.6525648,38.86656994,,,,,,,,
875,422.2395814,15.93299896,315.932999,35.54900837,,,,,,,,
876,466.1157298,-27.94314944,272.0568506,32.9882919,,,,,,,,
877,390.8131138,47.35946657,347.3594666,37.2751642,,,,,,,,
878,403.9076919,34.2648884,334.2648884,36.56582494,,,,,,,,
879,442.4648857,-4.292305337,295.7076947,34.39230697,,,,,,,,
880,363.8812223,74.29135806,374.2913581,38.69322205,,,,,,,,
881,384.6002428,53.57233757,353.5723376,37.60703857,,,,,,,,
882,434.5767203,3.595860039,303.59586,34.84800482,,,,,,,,
883,413.4569342,24.71564614,324.7156461,36.03973619,,,,,,,,
884,493.4455143,-55.27293393,244.7270661,31.28750972,,,,,,,,
885,462.4090128,-24.23643241,275.7635676,33.21226084,,,,,,,,
886,466.9627457,-28.79016536,271.2098346,32.93689935,,,,,,,,
887,385.6428951,52.52968522,352.5296852,37.55154778,,,,,,,,
888,439.6987029,-1.52612252,298.4738775,34.55279308,,,,,,,,
889,444.5875672,-6.414986895,293.5850131,34.26864533,,,,,,,,
890,415.0025263,23.17005408,323.1700541,35.95386233,,,,,,,,
891,461.2736939,-23.10111354,276.8988865,33.28055808,,,,,,,,
892,463.7640237,-25.59144336,274.4085566,33.13056333,,,,,,,,
893,445.6226915,-7.450111114,292.5498889,34.20817966,,,,,,,,
894,470.6423587,-32.4697784,267.5302216,32.71270222,,,,,,,,
895,517.7635126,-79.5909323,220.4090677,29.69236048,,,,,,,,
896,418.1072232,20.06535714,320.0653571,35.78074103,,,,,,,,
897,440.6884476,-2.515867248,297.4841328,34.49545667,,,,,,,,
898,441.7298541,-3.557273796,296.4427262,34.43502439,,,,,,,,
899,442.3242366,-4.151656246,295.8483438,34.4004851,,,,,,,,
900,430.1406159,8.031964398,308.0319644,35.10167884,,,,,,,,
901,423.5124693,14.66011105,314.660111,35.47732296,,,,,,,,
902,483.4966978,-45.32411748,254.6758825,31.91713537,,,,,,,,
903,455.330547,-17.15796668,282.8420333,33.63581623,,,,,,,,
904,490.7907287,-52.61814832,247.3818517,31.45675455,,,,,,,,
905,447.8751038,-9.702523454,290.2974765,34.07623668,,,,,,,,
906,384.0912653,54.081315,354.081315,37.63409704,,,,,,,,
907,499.532803,-61.3602227,238.6397773,30.89594001,,,,,,,,
908,462.0941895,-23.92160919,276.0783908,33.23121369,,,,,,,,
909,432.8029219,5.369658484,305.3696585,34.94965857,,,,,,,,
910,392.6525156,45.52006472,345.5200647,37.17634004,,,,,,,,
911,337.4467391,100.7258413,400.7258413,40.03627561,,,,,,,,
912,457.8470582,-19.67447784,280.3255222,33.48584908,,,,,,,,
913,489.8196823,-51.64710198,248.352898,31.51843258,,,,,,,,
914,431.1300782,7.042502155,307.0425022,35.04525658,,,,,,,,
915,398.4025205,39.77005982,339.7700598,36.86570546,,,,,,,,
916,376.8567513,61.315829,361.315829,38.01661894,,,,,,,,
917,438.7349764,-0.562396073,299.4376039,34.60853097,,,,,,,,
918,418.4625402,19.71004013,319.7100401,35.76087472,,,,,,,,
919,480.7214455,-42.54886519,257.4511348,32.09056776,,,,,,,,
920,387.7218998,50.45068057,350.4506806,37.44065601,,,,,,,,
921,482.3824716,-44.20989127,255.7901087,31.98687911,,,,,,,,
922,424.9009528,13.27162752,313.2716275,35.39896199,,,,,,,,
923,529.9379606,-91.76538031,208.2346197,28.86067357,,,,,,,,
924,469.1927318,-31.0201515,268.9798485,32.80121025,,,,,,,,
925,466.8997065,-28.72712614,271.2728739,32.940727,,,,,,,,
926,457.8080755,-19.63549515,280.3645049,33.48817731,,,,,,,,
927,453.4146724,-15.2420921,284.7579079,33.74954269,,,,,,,,
928,465.9122482,-27.73966781,272.2603322,33.00062619,,,,,,,,
929,421.7993239,16.37325647,316.3732565,35.57376879,,,,,,,,
930,535.9410011,-97.76842074,202.2315793,28.44163,,,,,,,,
931,449.4773489,-11.3047686,288.6952314,33.98206771,,,,,,,,
932,427.5787109,10.59386947,310.5938695,35.2473471,,,,,,,,
933,370.2030689,67.96951141,367.9695114,38.36506283,,,,,,,,
934,428.6005007,9.572079628,309.5720796,35.18932109,,,,,,,,
935,572.8194826,-134.6469023,165.3530977,25.71793909,,,,,,,,
936,479.5292322,-41.35665188,258.6433481,32.16478497,,,,,,,,
937,391.9038245,46.2687558,346.2687558,37.21659607,,,,,,,,
938,404.0309108,34.1416695,334.1416695,36.55908475,,,,,,,,
939,428.7441914,9.4283889,309.4283889,35.18115341,,,,,,,,
940,436.5627489,1.609831429,301.6098314,34.73383546,,,,,,,,
941,419.1005925,19.07198783,319.0719878,35.72517252,,,,,,,,
942,404.1290233,34.04355702,334.043557,36.55371702,,,,,,,,
943,435.8056051,2.366975238,302.3669752,34.77740503,,,,,,,,
944,453.0932732,-14.92069282,285.0793072,33.76858346,,,,,,,,
945,424.3673116,13.80526873,313.8052687,35.42909927,,,,,,,,
946,438.5843489,-0.411768538,299.5882315,34.61723452,,,,,,,,
947,432.3016751,5.870905235,305.8709052,34.97833073,,,,,,,,
948,402.8131195,35.35946087,335.3594609,36.62564462,,,,,,,,
949,532.8147428,-94.64216242,205.3578376,28.66062369,,,,,,,,
950,417.8761743,20.29640603,320.296406,35.79365341,,,,,,,,
951,468.3830964,-30.21051607,269.7894839,32.85053935,,,,,,,,
952,444.147219,-5.974638637,294.0253614,34.29433547,,,,,,,,
953,447.5144855,-9.341905151,290.6580948,34.09739549,,,,,,,,
954,449.8220306,-11.64945028,288.3505497,33.96177556,,,,,,,,
955,446.8808478,-8.708267478,291.2917325,34.1345416,,,,,,,,
956,445.4097566,-7.23717621,292.7628238,34.22062675,,,,,,,,
957,405.5220786,32.65050176,332.6505018,36.47741777,,,,,,,,
958,465.1220063,-26.94942596,273.050574,33.04848402,,,,,,,,
959,440.9577367,-2.78515638,297.2148436,34.47984012,,,,,,,,
960,408.7838435,29.38873682,329.3887368,36.29813972,,,,,,,,
961,360.9080247,77.26455567,377.2645557,38.8465986,,,,,,,,
962,457.8789654,-19.70638511,280.2936149,33.48394331,,,,,,,,
963,395.7442423,42.42833808,342.4283381,37.00963864,,,,,,,,
964,458.9914869,-20.81890658,279.1810934,33.4174262,,,,,,,,
965,408.0893432,30.08323714,330.0832371,36.33638601,,,,,,,,
966,445.6389466,-7.466366281,292.5336337,34.20722928,,,,,,,,
967,429.4391319,8.733448462,308.7334485,35.1416248,,,,,,,,
968,463.9077925,-25.73521217,274.2647878,33.12188327,,,,,,,,
969,471.2756705,-33.1030902,266.8969098,32.67395965,,,,,,,,
970,422.6349909,15.53758942,315.5375894,35.52675552,,,,,,,,
971,432.7070932,5.465487147,305.4654871,34.95514195,,,,,,,,
972,398.6513866,39.52119375,339.5211938,36.85220177,,,,,,,,
973,466.3734483,-28.20086794,271.7991321,32.97266335,,,,,,,,
974,424.5338878,13.63869251,313.6386925,35.41969466,,,,,,,,
975,467.6116252,-29.43904482,270.5609552,32.89747438,,,,,,,,
976,407.6719208,30.50065958,330.5006596,36.35935421,,,,,,,,
977,480.1538687,-41.98128835,258.0187117,32.12592172,,,,,,,,
978,489.2087786,-51.03619827,248.9638017,31.55717362,,,,,,,,
979,390.2139443,47.95863601,347.958636,37.3072988,,,,,,,,
980,409.1292148,29.04336558,329.0433656,36.27910504,,,,,,,,
981,511.1797487,-73.00716835,226.9928316,30.13256256,,,,,,,,
982,447.0865486,-8.913968225,291.0860318,34.12248712,,,,,,,,
983,493.934809,-55.76222869,244.2377713,31.25621675,,,,,,,,
984,461.9971948,-23.82461448,276.1753855,33.23705074,,,,,,,,
985,418.1362749,20.03630544,320.0363054,35.77911712,,,,,,,,
986,519.3558978,-81.18331745,218.8166825,29.58490714,,,,,,,,
987,401.0502372,37.12234317,337.1223432,36.72178335,,,,,,,,
988,444.1352746,-5.962694271,294.0373057,34.29503204,,,,,,,,
989,439.8360303,-1.663449956,298.33655,34.54484332,,,,,,,,
990,439.3400633,-1.167482944,298.8325171,34.57354579,,,,,,,,
991,416.3053192,21.86726116,321.8672612,35.88131888,,,,,,,,
992,424.2458015,13.92677885,313.9267789,35.43595794,,,,,,,,
993,404.020278,34.1523023,334.1523023,36.55966643,,,,,,,,
994,466.4789791,-28.30639874,271.6936013,32.96626162,,,,,,,,
995,461.5677407,-23.39516034,276.6048397,33.2628826,,,,,,,,
996,456.1657112,-17.99313088,282.0068691,33.5861203,,,,,,,,
997,472.5898534,-34.41727302,265.582727,32.59341817,,,,,,,,
998,406.6688827,31.50369768,331.5036977,36.414486,,,,,,,,
999,407.9657485,30.20683185,330.2068319,36.34318818,,,,,,,,
1000,521.201544,-83.02896363,216.9710364,29.45987348,,,,,,,,
